score,group,uuid
1.0,2,c4febb68-05b4-48f2-b401-acef82071cd2
0.978037641482944,2,22664848-b46a-4e8f-911f-36eae824a1f4
0.9054719539850689,0,5b98c86e-69b3-4e03-a206-475d2e974dec
0.8970728502588213,1,2aecf2aa-dfad-4691-b344-23752a5cfad5
0.8622670072288672,0,ef7abf0e-d2f2-433a-a2d3-700a535edf5d
0.852763300876253,2,76889cd5-6917-459f-b327-552d4141e5b4
0.8506951221201319,0,0aa043be-589d-4ba5-a62b-5575598998c0
0.8397775307015942,0,8f5cc7bd-3f4d-49ce-9d2f-1f13d675180d
0.8299094534341841,2,d2534e8a-8e2d-432d-9f81-5a0420a270d1
0.7811004347897259,0,747be37f-1d00-4e93-af54-21c716c258ae
0.7791482566228939,1,c4fa699f-4571-417d-ab53-db5b3795573e
0.7790631055797386,0,192b8425-b43f-4237-b20a-53c359926da4
0.7782320565818451,2,016e6713-bda5-4583-a35e-f2213dd1f778
0.7705435941861827,0,f76ef454-9cc4-4dfb-8279-c7715eb96522
0.7698623858409399,0,7c3cc4e9-4d5c-41f9-b33c-d2684695fa19
0.7662581829995078,0,835e38e8-71c4-480d-b8dd-d863fcb08499
0.7522668120582692,2,3e461b8f-4b36-4958-afe2-6d96964c7674
0.750447318418942,2,ff106f94-3b8a-4a03-a4f4-da7058d4812a
0.7481568970141418,2,8f8333c2-5d31-454f-a2b3-37f4e1c89fba
0.7472710743322961,0,49bf4f6f-c738-49fe-ab32-e8b59e2863a1
0.7468863993794834,0,984492e5-b2e7-4728-b10d-c8615416470b
0.7464230266049005,2,f897af1c-4c45-4b1c-98af-df9fd5f23757
0.7453793360925839,0,b50cd76a-00a3-40c8-92af-0651b1544b73
0.7418502109731208,0,7d144b09-85d6-42a1-af1e-95781b1b8a66
0.7393427409758783,0,1f871b28-4e96-4d11-80f2-04436fcc08c6
0.7318853353849332,0,3b885b96-7175-486c-b9c2-e202ec754441
0.7279845991510709,0,719b9727-5d3d-433a-a4f5-8a5b7d854aa2
0.7246923544751359,2,945d2d6f-05c8-4783-b35e-c465968521f1
0.7193623084022832,0,7234db99-e30a-418d-a4e6-e14743f4fa11
0.7137711429567968,0,fa730f33-d845-4579-87e3-1238873a8ae0
0.713500894636838,1,0d444968-7dfa-4d86-a0e5-7c089d0cbe3f
0.7121657073926846,0,54b4d29e-4a21-4885-9ca3-1ca5b3f83ca4
0.7048705767102296,0,eb14ca70-90ce-47ba-8276-53a6da906686
0.6935986876980825,0,431b2fb7-257f-4cce-9724-a6fe41305b37
0.693505352081463,2,f90dffd0-f2ec-4edc-a622-cdf9872b687c
0.6915171303122605,2,8483214c-47d6-47cc-9e06-8518e27a9a00
0.6878529597306394,0,b71ba859-0729-4cef-9607-ab4505921aac
0.6832633027650008,2,e93c67af-1b39-40cf-84b6-c3e6d89e7ba7
0.6829681859333625,0,05861b70-ab6d-44c4-8f56-49754dfd0691
0.6829414286739607,1,5134464d-64ec-46fe-a0c2-30f7e0c3c1f1
0.6812171593989753,0,65970771-faf5-422f-8518-c6a82da3bc0a
0.6750266313428872,1,e69f6e4b-c08f-4bde-820b-30dc14aa0d48
0.6745473616083065,2,c6b787a3-36f9-44dc-98bf-d9e0f6848eb0
0.6738145274919823,0,dee61607-c6a4-47c5-9afb-3aed557e4b11
0.6728393040846058,0,2270325e-a9c2-49f8-8ab0-4c336f01cc0e
0.6713276763240436,0,9c5878a4-a6cc-4fa8-944e-5ad9fc4cec77
0.6685235155387276,0,b2065b1c-4984-4ea0-b61d-f2b292d77eea
0.6638570494990412,0,21fe1a7c-4d18-454f-98e5-cb698fa4d6ef
0.6578591737106465,0,e7c27be7-2c41-4fd3-899a-6c9fb47bc1db
0.6561627634645678,0,f3afd94e-8ba9-4de7-98f6-f611803a5025
0.6533853599386535,2,57507dd4-51ce-4282-a855-e4fe481e82ef
0.6478757254365212,0,38898206-97dc-4347-b50d-5b32777ce2fd
0.6436890013183459,0,ad84c389-bd47-40e1-96e6-cb4e75ef677d
0.6431747897508994,0,65a2c410-848e-4e17-96e6-0d7360ac4864
0.6420231258271141,0,1f1eaf70-2608-4104-9211-a93096948fe7
0.6357003854304519,0,48f91297-8dd4-47c3-b5bf-51c256a66211
0.6337776402489621,1,1e8ff64a-20dc-405e-8204-d711b64b24eb
0.6308198613155506,1,a345caaa-0e51-4674-a41b-4a612c8ba0bd
0.628366220628399,0,e946f8c0-a2f4-4230-abe0-df0c27241006
0.6277500166839383,0,a71c087b-62ce-4dde-b6a2-346785172cac
0.6258540287618505,2,1f387f51-fe1d-4283-b2d1-bff9a41c808d
0.6232288268232397,0,d0673e13-ff14-4d26-bd5b-c2b19cb2f3bc
0.6231565822228546,1,2a54a950-5f7b-4e87-847e-f25b0ddae843
0.6224714389865231,0,a45c9542-c9dc-49ae-9bf5-bdd86b25ec97
0.6200393615025367,0,68178f59-f19e-4357-8b0a-5960ec4dfc8b
0.617813157520301,2,e55e995c-eee8-4242-a285-7c1599623665
0.6162211005858895,0,ac8c3fab-3f71-4f50-84b9-e15f9047134b
0.6150266250470613,0,70388ae7-6f60-4bdb-9d88-e98221139206
0.6127576094497826,0,9b866ae8-7f22-4d3e-823d-2f3f8715a318
0.6125947049587184,0,6b51e16b-3abc-4122-b16f-13b56df46fc7
0.6125939179805007,0,a220c806-cf26-4b38-95b4-c1547a82f6a8
0.6124234584985463,0,f378e1d1-9117-4cb4-8664-a109111a3455
0.6121347948882931,0,e3b12e0b-b766-4d6f-b184-9552e8f7ee40
0.6087060881894087,2,3f26f64b-b86a-4d44-b5e7-5ad5a218d012
0.6075383699099823,0,e1c42523-1c1e-4de6-8a6f-02dd5ec8d576
0.605881938157363,2,6c62f0ea-3a54-4445-b239-7a7b65cc38a2
0.6050552962374887,0,33a5fb10-7dc2-405b-8c48-8009adf21984
0.6045395107136068,1,48cbc08c-a729-4667-b5eb-9160fb678893
0.6043274987817578,0,76cd1dd1-9dbc-4cbc-bf9d-56f658d9b64d
0.6040756657520931,2,61c58352-7518-4834-bc94-1273da474024
0.5963003209611963,0,1584d041-1e37-4b62-a172-dfbf5985c33e
0.5958465493208693,0,b492a73e-1ed6-411a-bd70-865fc55b9961
0.5955629223712094,1,17bba222-a7c2-4ba8-b70d-60b72d2eeec9
0.595504528587456,0,6094365d-bc01-4ad2-b747-66a3aca6e8c2
0.5954869002753795,0,a1a35254-89b6-4861-bfba-8e223f5ec79f
0.5939028705187888,2,674dc9a6-9b36-49c4-8af1-5f1ab3bfbce6
0.5902084799736079,2,5c6195b5-eb94-44f0-bb39-49a4ac0bdf02
0.5894806825178771,2,c564945b-f7a7-4eaf-8ed1-650c695dacf1
0.5890571308411098,0,cb259ea8-50b6-43bc-bcf8-3eb210bd415d
0.5885942302534574,0,fb8811d0-adb4-4fee-8e84-eb29ce200034
0.5880804908729415,2,d5d01d00-c4cf-4c17-bc85-c1b786d06eaa
0.5878626553022815,0,d4d9fc52-9047-4aeb-b40e-3115412f218e
0.586479619782492,0,7f5afc40-b1fa-4112-9761-60d550e20f96
0.5864498720058626,0,520b9404-4ace-4289-bde1-bd1243561328
0.5863415838031069,0,a4d7c7ba-ff19-4223-b92c-22788cdab9c9
0.5837809140783478,0,92bafcd3-1273-45aa-8f05-c1b9e8de33f0
0.5815353504319566,0,58d53aa8-620d-4737-bcf1-d4b87026521c
0.5794589871023715,0,5615afb2-1ba2-45a0-83ed-53124fe53c91
0.5785292510359782,0,36b761ca-8954-45e8-af49-22b7cf34f110
0.5778145174186612,0,990e0e08-158e-4c59-8f92-a019dda154f5
0.5775017722749463,2,0e9a815a-2032-4840-aad1-e47b943139d3
0.57732722050626,2,3f624a6b-e898-4cb7-92a6-eeacd84b0bf5
0.5765301689673713,2,7c199534-92b6-493e-8f9a-09840ff51b1f
0.5759736179718122,0,67aa057f-5f77-4a05-862d-a0325cc461d4
0.575639467020576,0,4d4e9ddb-73ad-433f-863e-dfd107e70a5d
0.5749100956084097,0,c103c6a5-ed11-47ad-a73e-af05cd21f4c5
0.5732298971136157,0,8a85e8c1-73eb-4720-9d2f-1dfa967fdcbe
0.5698863414578866,2,f4b88f7b-9fde-4e2e-b4d9-c5c0239f5be7
0.5696886525296,0,a1af4e86-8d84-49db-ba8f-5940e8527873
0.5659342942442303,0,e4155435-fb7d-41d5-86a7-5cb5513e6901
0.5657328278204984,0,e71ec899-9666-4a0e-b439-d79df1d3dbaa
0.5656006154799245,1,bb2907df-ef21-4755-8762-c935acb6afd9
0.5655275839013217,0,52431feb-516a-461f-8eea-228309836777
0.5642462259672592,0,2d5304f5-5f0d-47b7-9ef4-cef9cbca06d4
0.562796612090252,0,0e917f99-8aa0-442a-8a93-3c9ffb4c884e
0.5618885966226672,0,aae73b35-b2bd-4d55-8e70-47e4a5005981
0.5604204100597223,0,27a2f9d9-a85f-49df-a709-1e1856cb2c40
0.5592229440036668,0,8acfcfc2-33b7-4457-99fb-6652708db26f
0.5588573139237224,0,c005503d-a7ef-4377-acf7-a22cadb82834
0.5586349138793997,0,bd46f0be-9a6d-46e6-8e3b-7a9f90924eb8
0.558044365424836,2,7926d09f-c36b-46f5-b06a-c73001a732c6
0.5567902369371059,0,564d9a5e-7b79-4895-89db-1b0d25445b5b
0.5558375211067558,0,e6bdb79a-a331-4229-9f2a-78e002244b06
0.5551331756019124,0,92a5b2c5-0296-40d5-9d59-9feb1e364e3c
0.5550475523718265,1,1fc0dfb3-9734-40d7-97da-54c47a441152
0.5527911284260311,2,91d74f92-a9d5-4a7a-9310-eea0057d3b06
0.5525728206684405,0,d185e4ab-996b-49db-90bb-e80e5513d537
0.5519134903176496,2,5d602374-fb72-464c-93c7-47e9b232fad8
0.5510446663653066,0,6d485fcc-1fc3-43e2-b001-0d30e5465c77
0.550721533109118,0,abcceefb-4f99-4d6f-b9e2-f343a542fe9c
0.5492251727259793,0,f5f2d68c-a4e2-4a95-9017-99f3279bf878
0.5487874554412933,2,a032db0b-5397-4e91-b4f5-e2a7a531d1d6
0.5476154874794914,0,940e7822-b4d8-4d3e-bce9-4ac7ca3ea431
0.5474612397488218,0,73337938-7abf-4afb-a564-db284c9d73c9
0.5470587790882889,0,a1ff7895-8422-40ef-b6b1-d016a2a1c071
0.5468705338986146,0,81ee0cce-379d-4c73-a0ba-cfaac4fded59
0.5461842888927783,1,54f6f60e-718f-4dfc-b4ae-95a9e85ef95b
0.5440139603639995,0,a1f097ec-fed9-41d9-b967-7ea76489c5bf
0.5433171698500461,0,480146e1-da63-4c71-97e3-6236ae80f633
0.5431673291973956,0,faaeff40-3697-43b5-8107-e9ee8fe427d4
0.5410695600602888,2,8c7c4f39-d582-40b9-a3cc-c552924b62dc
0.5409197194076384,2,266b346f-ed89-44e4-9405-2bb513747ed5
0.5400981141483574,0,d8457ce5-806a-4c58-8c2c-937609c42c68
0.5395283419187411,2,a75717b9-edf3-42d6-b675-de89e7446ebd
0.5391002257683112,0,3cd41cb2-ce3e-42df-809c-6d31b47adf94
0.5383170250460539,0,6a230baa-f0cf-4716-9b59-10024e622597
0.5383082108900158,2,54c893ee-f1a0-4bdf-8a8f-08b5f8603a9c
0.5378158773170213,0,c920bfce-eccd-4460-a297-b32838b94271
0.5367027753259035,0,97aab91f-9fe3-49ec-b0c9-547198c9e2fa
0.5355640178448885,0,6fab5dc3-d6e7-4102-a88b-83a2f90d17e1
0.5352774003780014,0,d6a790f2-9958-45eb-a8b5-0677d0f35565
0.5347762526489688,0,46348e48-e3ce-40e3-9cae-fcdd53191fae
0.5346951938925454,0,26e828b6-56f5-492e-a2dc-d0c489b0d9c6
0.5341258938498598,2,c2b09461-f5ff-48b0-93bd-eefcc9322455
0.5335133100052004,2,884985eb-9dfb-495e-826d-2bb08401daf7
0.53314563378189,2,50767279-b2b1-47fb-bdbd-154d28b11383
0.532806918356991,0,2b3860c0-767a-427e-96d2-8e6d28357bfc
0.531950686056131,2,449bc8ff-03d8-472f-a58b-f767972b0595
0.530563715645253,0,45667118-0ebb-4496-b033-3c2472fd52e1
0.5295104239986804,2,571f9a66-7922-4ba0-9681-958b959e229f
0.5289324671956,0,f67dffa3-8935-457f-8d10-826920532466
0.5286541916978206,2,7b402418-bd90-4b81-861b-c9b0d194d896
0.5281920780883859,0,e3e81155-81c4-418f-aa2c-0d27a544411b
0.5281020477802807,0,6b293354-fc61-4cfc-b49c-d02741957e47
0.5269203212885792,0,3a38427a-dce1-43f1-b82e-c30d1e437a70
0.5252078566868595,2,991c8264-b133-413c-a975-569c3332ab7a
0.5234412479837619,0,d3cef6b1-b0c7-4399-8c56-58d24cf4daf3
0.5233161184471471,0,e7a72a78-6f02-4785-a31d-dba31cb86bdc
0.5228149707181146,1,6277fa7a-14dd-4c88-ab49-1722ff128cc7
0.5211193474502536,2,c120357d-cf86-4d0b-9efb-d8ce5fd17f77
0.5206144222257759,0,b3351499-04bc-43ae-b9c9-fbda2c9ce5a5
0.5197279699613563,1,8c63d321-d48e-45d0-aa07-9a3664350119
0.5196895654243324,2,04ca9182-f3f8-48b5-8840-2a1fec2fd57c
0.5191500131582758,2,f6efe751-2541-45d4-9fa3-d4dc2bc540f0
0.5190429841206684,0,bea65115-666e-44aa-a7f6-48a468a00325
0.5178274175656057,0,e98e90cc-84f6-4527-9b40-537498846b6a
0.5165473187966915,2,e98a41ae-846d-48b3-8bcf-6f53f8ad7b35
0.5154372073228008,0,a5b4311c-9bcc-4506-b020-8089cd07c9a3
0.5151899387667989,2,2dd22bd9-75f0-49ce-9ae6-80ae4c3d883a
0.5149330690765409,2,62997045-dce9-4884-a236-b0a45cd44b30
0.5139101547891718,0,d41b0e20-83df-4cab-8aef-0068f68e65ef
0.5134604754355767,2,ae247e0a-e585-4a0f-9faf-7d1048580c57
0.5126388701762957,0,1442ba3a-ea7c-489e-b541-952934de6c03
0.5119362560235313,2,450f232e-4dcc-4ff9-841b-bfbabd90e164
0.5118078211784023,2,eee642a5-12f4-45d5-ba86-0f350abb942f
0.5090678778156508,0,fb53c42b-0ea4-4dc8-b781-c19d80bae9e5
0.5084301106680249,2,c32affc1-92ec-451e-9178-1ca001031de0
0.5070985435236729,2,c60c75f9-d3f6-45ac-9239-5cc03b7a899c
0.5066918331807645,0,064dc4eb-e098-40c8-8efd-57c7dab27308
0.5053520814629484,0,83beee91-ab01-4e42-9f46-2b6981da1dda
0.5051853994764391,0,f2670961-b29c-404a-9c0d-bd6c2abe7254
0.5051720208467383,0,4dd9168a-c5b0-44d2-a2d3-b207049e0c81
0.5049793685790448,0,cd13c8fe-6aa0-4112-bebc-399dec6d87f6
0.5041149517047208,0,dcb3dbc6-6bb9-44fc-9b78-b5dec866d6df
0.5039732956255344,2,feba532c-49fe-4e6c-9b2c-c6ec20441df8
0.5032883097848465,2,bcb87bfb-6d9a-4d92-aa6b-8c59f756bd81
0.5025095161406086,2,77764ceb-52ba-4cba-aab7-7560f9531d2e
0.5015978805732224,2,e69e48d6-c34c-4d9b-a34e-70d6ab8b1afd
0.5003728702795472,0,4654180e-ec69-4b18-abe4-e29057dd8582
0.4998575569425959,2,54224d1b-1aa0-4406-9212-3cf33d2ec06e
0.49900714828054704,0,b5ddf006-5751-4eea-af19-8177f41338cb
0.49822835463630905,1,a594928f-6b52-42bb-b9cb-d515fd1e3269
0.4972090604487413,0,9d518be1-b290-4ab6-877e-c0d21c5f3cb1
0.4966776927561489,0,0ed3db61-4d0f-490f-9df7-169301fe6729
0.49524854031280185,0,271cd4fd-617a-4f70-91ee-c292cedaf220
0.4947517996617882,0,8a3de29f-a10a-4d74-98b9-cc41a2051696
0.4942508093283991,0,681b9160-bbee-42ac-b58c-bb9df6dbbbfd
0.4941096254361434,0,1d853e7b-e827-4a8a-af5b-ce9361982374
0.4933605795685345,1,1ed65674-0818-4465-9fcb-c3f3abea6b46
0.4929707105594849,2,be70aa55-8b05-4ef1-ab09-6567b88c4fec
0.49213006042733554,0,aa19ca22-c0fc-420e-9a07-692a6ecbffc2
0.4904818132481802,0,759ae034-d0a8-4741-9526-2f5164d32336
0.4880448564992439,0,bd3b9d1d-f999-4dd7-b710-38afa72396be
0.4873455476549939,0,3b34ea48-0b6e-4427-8f15-063f76b35383
0.4863953501549403,0,c2de5a90-abed-4f0c-836c-4f6e4ca155b1
0.48638527683375377,0,f8d1f8c4-f0e9-4f0f-b34a-6e29f07a8d3b
0.48588979534788845,0,baf7f06a-8547-4bdc-a7f4-577074310414
0.48527343400778417,1,29878ce5-2617-4a55-a8b3-c6b2e31d38dd
0.4842278547477452,0,a48ae622-caff-42f1-9162-b6686f171f6f
0.4835853657308132,0,5669b9af-bb15-4f12-9bae-ae399d239cc9
0.4827477061158911,0,25c9c805-c78d-40d2-91ff-f7cc944f74c6
0.48172888411525394,0,d65b8f5c-405b-4357-bc0e-c2b6bc590666
0.4817200699592157,2,3413425f-070d-4aae-a61d-d6ba162e0ca3
0.48145060861747446,0,44954745-ee5f-41b0-a74a-eb2de8059086
0.48027328920379214,0,affcf2bc-f889-44e6-97c2-d67c1333ecdf
0.47825909715340537,0,ec574996-2a44-4995-af55-d4bff2106538
0.47743875105927264,1,65cd7586-9f68-41ef-8a51-3aeeccbab6bd
0.4771606329571368,2,cb596b76-ba92-4f45-8fd4-fc8858d5fb18
0.4748555737574873,1,4a3afb7b-1849-46f2-a5b8-3cff8f4d6231
0.4744290315634928,1,e3324c40-ddc2-4d32-836d-b32f8615ba23
0.47400437811722074,0,3b7a3533-87aa-4c1f-9eb9-4a68ab390d00
0.47383454821784066,2,7693d519-c108-4b80-8b29-321efa68baab
0.4733587411874179,0,b71c4808-3b9c-4f82-aca6-25efd810f312
0.47268241210712475,2,b553e676-f946-4aae-937a-ec20e5798b7e
0.47264699808732813,0,1b8af106-47e6-4586-b1c5-d0cbea315fc5
0.4711456010435961,0,8054db6a-63fc-4f5f-9f87-4932e59b79a7
0.47061879782466637,1,fb694be9-7e9b-44d4-a30b-3de0bf6a0e7b
0.4684956879889496,0,514e8bfd-1e94-42f9-b2d1-a302a849deed
0.46809338472406026,0,88a47c3a-f9ce-4445-99b0-03f99334c2d2
0.4680291673014958,0,d03102c1-b92d-44f8-95bc-b9d794d0dd53
0.46779370341875937,2,39c002a9-0baf-4256-9199-3e2e4b58ec4e
0.4669116582323588,0,c4484dae-9a9f-4016-af99-ae90ac405055
0.46633385882492195,0,ee2511b2-e60e-4844-9b2e-3629163f0d91
0.4659011782008293,0,889d86ce-394e-42d1-98c9-18869d2ed803
0.4657077389549181,0,506e677d-f0a8-43ed-be64-5a3a2ca29fee
0.46528481686072504,2,a21aac2f-3d48-4503-b5a1-2eca3cfaf0cc
0.4634141696372472,0,25c69a93-f5b6-4b23-8e33-36bdf150716a
0.46221937930713186,0,0fa8cfc0-e919-45d3-bd10-aa4e5e992a71
0.4601304243260634,2,5f52c351-0210-4e69-8462-c7c3dc23992f
0.4597193069051358,0,64d79cda-036a-4a33-b7ae-aa7df72c70ee
0.4591629133052204,0,ec775765-f62f-47be-80a0-010d048b6976
0.4590343210644479,2,b6649705-3c0a-4350-8ff8-4d0d26dde474
0.458867481682295,2,ed64c2b4-7487-4813-a92f-149998208ed6
0.45867042233658245,2,9f019a3b-f12a-437f-809c-081ea79ed2be
0.45777137842067955,0,d9a99e09-ff51-4b38-a10c-26ee579d3059
0.4576163437117922,1,7b5b12cf-5b51-49c0-ac9c-23c828bbf7e6
0.45704798804296776,2,1047a80f-b790-4ba3-80fb-69f15f17391a
0.45676089838915007,0,162e7852-87a5-4996-bc8f-2e1f953ed41e
0.4565536083266073,0,d5f7074e-35a1-4856-b2f3-10639665d6d2
0.4562089118672538,0,c4d345f0-9ed8-497d-a39c-889c54e371a0
0.45572539245029764,0,0ac550fb-9638-460f-9854-f3e5806a596b
0.4549658010745715,0,2e4428c9-7953-42fa-b620-424a67bea781
0.4546291317930386,2,15d68f9b-1043-4740-9d3a-e59adb9e8c4c
0.454132391142025,0,85c19099-0cb8-4e46-a921-742f0961be7b
0.45396114468185306,0,286651f5-42a8-42eb-b1d9-3f199645531b
0.4529108435525079,0,2fe824d8-8b49-407c-8b5f-2bd0f0f2922e
0.45265019636680487,0,3600b58b-7f99-4d6e-aa3e-cee2bba33ebc
0.4520988394274828,2,85666481-dfb6-4bbe-a24b-81bed49fd031
0.451455248641046,0,cbb534bd-0bc2-418b-9d20-157a40c2793d
0.4507376819021453,0,718ad504-4316-4965-aea1-07a797a5a7d0
0.4505947666578106,0,fc76d283-f469-4f51-aa8d-c8b839755eaa
0.4503907819037822,0,ee50dcf7-e942-4fae-a6d9-d751e0f0bed9
0.4503693760962607,0,822668b0-3af1-4eee-8fe2-1248afae4f77
0.44929908572018584,0,8eb1f7a6-cdd1-47d7-b5f7-062712f19c99
0.4491007672093249,0,4ed77ce1-0976-48ca-a8ba-2567587b196f
0.4470829550591367,2,031ffa6b-2d88-44a3-b764-a13f45ff910c
0.4469600290615317,0,85dd57fe-c2a8-40ab-a25f-ce7a62a94acd
0.4464691120493291,0,74b868b9-3e26-4e21-ba61-fca687c05e9d
0.44547185325185695,2,c724bb95-57e6-4e4a-9b35-4172e14d3d9c
0.4449323009858004,0,7adeb356-73ca-49f0-a077-dca577512028
0.44439715579776295,2,cb152d72-caac-4673-a42d-e60d7e964549
0.4433010525361475,0,c74608cc-3dac-4d17-8d19-9a9b23011dd9
0.4428944995888826,0,09f03908-297a-4740-9ac9-1858410fe144
0.4425734124760602,0,7d4195f9-a747-4d20-89d3-26467d25e758
0.4422565750456133,2,d6f16ed4-7393-473f-b422-33afc6eb5be3
0.44187961247933394,1,a75b5d83-42c2-4e3d-a6d5-8241dff3d7c6
0.44163580662748986,2,173923b7-4d88-4d1c-bd3f-21041f3c3a91
0.44107500594955534,0,42263dde-e402-42db-8298-ad9e336e6da0
0.44097222659432345,0,6a12d028-9d72-4777-892d-86cc20ac2f62
0.43945241426029713,2,418e3d75-c961-4c5c-8859-ae28b0885330
0.4391313271474747,2,70207f32-ef49-4587-abdd-bad94363b3da
0.4387888342271307,2,bb91d981-6d0c-4528-abdc-0891eec55349
0.4379053724799384,2,8d56b5b2-321b-4881-b483-d8c583369b39
0.4371833986630185,2,df24bc75-1bc4-4a30-a7f8-9476d7bb5d65
0.4360274850568576,2,5a1c8b5d-c6b5-43c9-b73b-3e7f60cb1147
0.43598467344181463,2,93164a64-4246-4abc-a0e7-433df4947f35
0.43583483278916413,2,4209aaa9-310a-4c3a-ac96-29c2db54c7ff
0.4355137456763417,0,25088820-8003-4f06-8cdb-1547eee5e00f
0.43514984694847625,2,93e7807a-cb88-4142-a449-95256fd751de
0.43369425203701445,0,ec28e3aa-8d8b-4afb-b6fa-503f90b785b1
0.4320845667905266,0,70b74ddd-ab23-4751-a82a-53878af154ab
0.43125194383619775,0,0e7fb591-f2be-47a2-9232-65345b70f9c7
0.4312283344896667,0,b5180190-dabb-489b-8d8e-766e19319f9b
0.4307145951091507,1,818984fc-82d3-4140-8ac4-8edba7387d3b
0.43009351189974027,0,1004a26f-a3c7-41f6-8da1-b733f366797a
0.4298626124906665,0,b7bc85d9-ccaa-4c40-a52a-19a99fad163d
0.42912206598780883,0,fa470196-265e-4e2e-9541-55347b8a6fd2
0.4288779453446776,2,5499e982-9635-41d9-ab61-8922925f2e2a
0.4279789014287747,0,33f046fd-6a5e-4678-bf3a-7f3dd108f7bc
0.42754496163953376,0,4752a522-8a58-4420-b5cf-96b499bf3bcc
0.4262392073807224,0,cd0e9f6d-f5dc-43ab-abc9-455e073acf50
0.4261808135969689,0,d0204129-1d5e-40d7-b196-c28c16dd87cb
0.42603097294431846,0,6b9e78db-4024-45ec-b558-12e2c7d760da
0.4251105232208941,0,8e5fae46-71dd-4a25-9220-d61eaf3938f3
0.4250777849270377,0,f3b0fca8-7e72-4fa0-b552-466681b8841c
0.42472317254214115,0,767583ae-6cb9-4fcd-89df-24400592b332
0.4243613199576417,0,293c8104-6350-4b48-8ba9-ef79d9560823
0.4243185083425987,2,5a4a5f2c-d623-4433-88e8-2941f82b3979
0.42414726188242674,2,7b45f56c-6e06-45b3-b201-88ce28b0393d
0.4240717119735274,2,2b006e62-e866-4cf1-bdff-0892028d2804
0.4239975786254198,0,7eca51d2-1d43-4566-a5ed-e732fc11a562
0.4239376108852309,0,6d67c727-ca45-443a-9c7b-9f2b33517da9
0.4238790597058339,0,838dcfed-f40a-4e45-af57-0d736a547b89
0.4237619573470398,0,9966d165-491a-4573-8495-ead21aa5748b
0.4229271308537014,1,b9fefef4-026f-4892-a779-27696edab153
0.4221993333979705,2,2c798084-b789-45c3-9fa6-45a95eed5a5e
0.42014437587590675,0,781e19f1-7176-4093-a0bd-1ef9315e4e73
0.41991331907118945,1,2abd4b27-1aa1-4e66-b046-f10ef767d3cd
0.41943814162334087,1,5e5b9d5a-dd05-4ed3-9de3-030c599dcc9f
0.419378173883152,2,b4d84b54-c45a-4481-b3a6-f7d29def1948
0.4184363183522062,0,01a324ea-b625-43d3-940c-7f4698ed255e
0.41834203836172545,0,16022716-0c7b-4b9c-a1b1-b5f44790bc6c
0.41762289766638927,0,774bd8e7-a36e-4326-8d1c-6d19046e816c
0.4175034343729421,0,e06eb2c5-dfe0-45f9-8e74-4bb396b48dde
0.4170620969884547,0,136da359-e220-4172-acd4-378a19d97d9b
0.4165225447223982,0,845e6671-d1e1-48cf-861f-a2a2567397b3
0.4165097956752714,0,77c3dd91-d77f-48d9-98c0-95f14681aec2
0.4162271130994728,0,971e350d-23da-41d6-82c9-fa155693245a
0.4161244911398845,0,39d8ac4f-1431-45f6-9a32-09aa108053f4
0.4159275891898154,0,d8a04df5-055c-4a86-b7c4-96aa4a432f3b
0.41591043306466946,2,050e3898-9308-40cb-b282-2a67879ca0cb
0.4149685775337236,0,e8e51cf6-b13f-4702-9c3e-717783eb39ac
0.41424644632116014,2,d956eb31-e328-47c4-8509-45bb8b655d55
0.4130905327149993,2,3ae51024-1037-40db-889b-fa4722862036
0.41277873194514575,2,e0283b31-559e-4f5d-9086-53ad81c49aaf
0.41210460640386215,0,160d8a2f-a445-46c8-9cce-a84aaf5deccb
0.41189054832864713,0,175c6b22-6e0e-4e3d-ba59-8309d2c15340
0.411843329635585,2,61916561-4e19-4f15-82b9-f35793945735
0.41169647950016186,0,98522118-9eb3-43b3-8453-ffb0698a7283
0.4110028368990792,2,36f01c35-ce94-4b43-aa77-e10d8492f5f6
0.4087736423996162,0,de826188-8eb8-4492-b859-b8103171de7e
0.4087468851402144,2,f1aeb7e8-d504-490e-8213-402866ddf9fc
0.4062691629196011,0,c28810dc-2348-43ef-9def-7529cf0256b3
0.4058196409616497,0,1ed262b8-1072-497a-8e5f-a34dfb0cc563
0.4056614583398915,0,0a6d24eb-de24-49e4-844e-859c993a7c95
0.4049420028532682,0,9b4192a3-9fa4-4c9e-bf60-60ae1ea8d04f
0.4041373963234896,0,546ccecd-c4aa-4305-8b45-6e65d2efed4f
0.404060902040729,0,239faee9-8c13-44ea-a216-125b71c65c9c
0.40399857336588696,1,135735fd-c528-4f47-9268-af85eaefd3e0
0.40345666016517734,0,35294dd2-93a4-4e32-a76e-532e85db2e88
0.4033924427426128,2,883aa150-22e8-4491-a6d7-2ccc0ff59d4e
0.403079697598898,0,af36250b-87e8-4658-a265-b51a1266b6dc
0.40297109460485514,0,680b0dd2-0175-4c4f-9665-65d672019119
0.4029643265921829,0,2b4a605a-a060-4223-814b-2818b2c6064c
0.40173412224227095,2,7af1a792-389b-4f70-91f5-0718dac8e02e
0.40039562968960324,0,3c91189b-5ef9-4601-8e60-402d38b645ae
0.40028860065199573,0,2bbb39e8-713d-4912-9d78-ebc6847eacab
0.39966783223387237,2,2abb456b-5d54-4601-8974-f46456f4371a
0.39966578609050635,0,5941e479-0861-4486-9e48-561afd39943a
0.39946211612776494,0,9ce6ca00-dbd3-4dd3-a666-fb48469b24f0
0.39847477325583597,0,58d57c53-3e16-4e1a-be56-ad7e81b3456e
0.3984390444447523,0,0e27a960-3575-4116-a7a2-dcfac3017aa6
0.3977974998016815,0,ff93c361-e52b-4bfe-8780-433490ce03a2
0.3976470295664569,0,56501aae-8118-47f5-8a50-59efa2aa23a1
0.3975058456742011,0,924b3605-20aa-4b7d-ab63-68f23d5320c1
0.39683801595865914,0,2a58c757-263b-47ea-ade0-b74acf8bcfc4
0.3959916995833423,2,67538ab7-1c93-4089-ac2c-646f7dedb399
0.39567328819646,0,47089183-c2a3-4f9a-85d5-ca1fb7d24a4a
0.3953736068911591,0,95b6a61a-b197-4427-b469-ed2c25a8f3ae
0.39518756524049425,1,b150f3c2-7b48-4dd9-b6f5-c0fbcbdf9881
0.3937880031781329,0,56a9f1ec-86f2-49ec-9f0f-38b3cec480fe
0.3930534377097297,0,b436d3cc-e05d-4f5b-827c-d414860e4c05
0.3921531346286785,0,93a03766-42f1-44ac-bcc5-f629a4a159cc
0.39028201521827005,2,d7dea5df-ffeb-4b00-8997-83bd65246c97
0.3899793433957418,0,32847b2e-d6ec-4288-9ec7-680c52702e95
0.3896285085062902,0,ac81ad8f-68ff-4146-abb6-c4058b831bed
0.3894227924001829,2,6896a954-daf3-44af-8400-02ed842b633e
0.38929435755505387,1,917d380a-8f4a-4e8a-97bf-ed6df12410f0
0.38927295174753235,0,4280826d-9f83-46fc-8f93-0233f9a5112e
0.3891445169024034,1,1d66e0b2-63e3-4f7f-804e-987da76db8c5
0.388694994944452,0,453e3700-e0b4-4b24-ae82-3cf1e009906c
0.3881968377326465,0,bd192f57-7d92-4881-aa5b-4b422957ef9f
0.3881686639124528,0,126bd5dc-268f-4ad4-b916-2a7de0ebc4a0
0.38691831292016765,1,f7a4b968-3163-43a4-9820-9934d4a7ef07
0.3864565141020201,0,e43a40dc-1ad9-401a-ba92-c770d0a8df2a
0.38596386573773855,0,7de1b189-1539-44fc-a1b1-1a461308cd3b
0.3856339644688779,0,6cc0dac1-6be7-48d7-a92a-6a8922f50de9
0.3855055296237489,0,0da5f4f0-3412-4534-858d-1dd3981527a8
0.38482054378306096,0,5edd35b7-ddb0-48fc-bea5-df0dda040c7b
0.38411415213485156,0,117fe4df-abb2-49a0-91f4-bfedf868a5e4
0.38380612886044296,2,dc1a1ab4-f375-408b-a2df-0c61eae0d8fe
0.38380502709093817,2,a28cb03b-c091-4d3c-b98f-215a857cb515
0.3837633172454,0,e5063ee0-19ad-47c3-ab77-fa1723d5fcb2
0.38355760113929266,0,597c005f-63c8-4aa2-af94-13d3edf07b06
0.38297964433621223,0,71896c0a-4008-4e24-bb0b-01ba09df6cdd
0.3827319035932796,0,2584d208-deaa-43f7-a9c8-849d91d1a867
0.38252178040915313,0,97993778-e6fe-4f4c-a76d-7ad9b78d50c7
0.38187960618350825,2,ff90adf6-1c7d-4d88-b1dd-7668e1c3c7bd
0.3811261532378803,0,689b0daf-47b8-4db9-acc9-c5ec553cbebd
0.38051671730609177,0,fc9fc099-7fa6-45e1-91d5-e5d51d2fa7ef
0.37912502502590734,0,13536fe6-f6b8-4c74-927e-ffd97b52240f
0.3787072969879511,0,3dfdff4e-eb11-46a9-85d2-49dd44b39a62
0.3763224381970266,0,2bbc357a-dfb4-4212-a02b-f292e8ab3883
0.37593713366163967,0,6d3c2bd8-13b7-467b-aeeb-b380cadbebda
0.37494018965545467,0,fea76a1e-bf3b-4c9e-bc96-b7fe5fcd93a6
0.3743515299486135,0,e210363b-86d6-4f67-8fbd-a4e86b59c2ae
0.3741802834884415,0,8e32ff52-d734-4290-8296-1d4fedb0ac9f
0.37415887768092004,0,b46348dd-bb7f-4e82-bf5f-6307ceb5811d
0.3729447276866492,0,d114e97a-8a7b-4f3e-a90f-b36e89791ed7
0.372760889574994,1,0a1ae1f9-8c9c-4ffd-8dbb-a9c84f9db658
0.37207275582143534,0,91f6c61f-7d8d-4811-b158-a8abc74db2ee
0.3698666984815728,0,96064baf-65f8-4b0b-87f1-76bb2b8424ba
0.3698002775199987,1,780ba3e8-79e6-4d64-92ad-ab3aa77c1a34
0.36940017779411893,0,45a3ef1c-9ed2-49cd-a015-fcb2d6c35f4f
0.36893586064567474,0,1f1cb0d1-42af-42c8-95ac-ee9b671f389b
0.36841834376971383,0,19add6f6-d38d-4624-a946-c8a6649ea95c
0.3642413781814382,1,613e9bfc-88d2-4f39-811c-ff3e7b3214a6
0.36346636203264515,0,9dacf982-2e53-4a62-95e6-caadb6ca6094
0.3631666807273442,1,2958a380-c272-4672-941b-52c10c669688
0.3629570297301484,0,28d12c7c-34ea-44ae-a9fa-606053bc7078
0.3625783358117901,1,99238db1-57ae-4f82-ae0b-d59757612d17
0.36207939162176694,0,026d92bd-38f7-4b18-8617-167b5e0547e3
0.3619679555061403,0,8070e7ab-ffba-44a3-964b-b60b8ca3df81
0.3604267373645925,1,5795b1b1-7d0d-47d3-877f-35f1a94ab8a7
0.3602451027919469,0,6c3d7152-5fd4-4f9e-9b48-1b028d8bea9e
0.3582543626924477,0,885577c1-5486-4d10-8e28-4533ef8b0ce0
0.3571677031694445,1,f555a10a-72c2-4566-b44f-ecc67a9acdd6
0.356623743825369,2,837a5bc2-29f6-4c18-9bc1-88feb9642ae6
0.35630643420799146,0,a1e7a523-1d64-4740-8b70-73f8c8745409
0.3532926224254795,1,98d09141-71d7-4086-88c3-c8447d722dd7
0.3528793014655423,2,bd59e859-c75f-40b9-9dcd-94aba1008fc8
0.3526564292342891,2,593bc087-d298-4b1e-a31e-8317efcb4e39
0.35259221181172457,0,c1da70bc-b765-4300-91d4-619c12baf5ec
0.35237846852779675,0,145ce960-691d-41bf-832a-ed6f317ffb92
0.3513550820534969,0,b5caa398-bfff-4d65-9325-8d143b33323d
0.3509719810571195,1,4bfd2d19-238a-472a-837a-dbecd18da010
0.3507585525644787,1,b73305d5-11be-48d4-b8a2-798be2e21113
0.35050734911738823,0,8d40e886-1de7-4850-9c65-2c29cd429e9a
0.3505054603696658,0,a81c9dd5-8c62-4c5d-829e-95acb3506f90
0.3501179522952692,0,effffabe-4b42-4b55-8dd1-61cb878c208a
0.34472589233886153,0,6b44dc93-8b62-4b15-b5a6-6fd92cbc54c4
0.34259412574275006,0,2d4622d4-7a12-405e-94e2-7b0961cf73e0
0.34242854552574553,1,c93b0b60-b87d-49a5-8f69-3bb2539b6819
0.34108265537783145,0,fabef6d0-ac4c-4e8f-ae10-bad4fecaa659
0.33804507685314483,0,7a8ceaa8-73c9-4c5d-865f-594fe6c76605
0.33725180280970113,0,6e74d554-bb83-44ae-a6f9-1416caee5992
0.3361081660637364,0,a386303e-a51f-476c-9aad-0e8f93ca80a4
0.3359923228700907,2,fa6c9dad-4641-4dca-9640-a3753fed9673
0.3359369196035645,0,88f46f51-d5c2-4a23-95cc-a38feeba5b04
0.3348452234199681,0,16496301-7501-4751-b372-2eb3095a9b66
0.33475078603384384,0,8d07d5c9-f3de-4a15-a3ef-87c89d55cd04
0.3346412386659397,0,4c7621ef-471b-4157-8ad8-c434c9de97b2
0.33440451561805495,0,a365eb85-944d-467a-83b5-1f35d1b2c2be
0.3341193147119597,1,3f5c4b15-0cb8-44ac-a8db-2df7422ea220
0.33322877016080804,0,feb96abf-b9a7-4fb1-a5c1-42564e0068b5
0.3322655088223406,2,657ddb4b-4e53-42ca-99f1-786f8d9f4d9d
0.3320292579613865,0,0596ebbc-65b6-48da-bcf7-45fa360ec826
0.3315761159036336,0,cf0eb308-066b-46b3-b388-f12ec9a0a66a
0.33046742099053483,2,fa4141f2-ca53-4f55-a080-ab15e84008ea
0.3302533629153199,0,5f7a38cd-d34c-45ec-b20a-64b47ae5f97f
0.33006291418663597,0,a5595a9c-32cc-45f1-b4e4-67586a54b3db
0.32958773673878744,0,25e3017d-214b-4c23-91c8-5084a5c17136
0.3294185364219815,0,2eabc343-da71-49e2-a7bf-293fe78850e7
0.32907824704064714,2,c7c9b564-89f7-4aa0-b6aa-e163a5c0b8e5
0.3281326140142563,0,0419558e-1c08-4198-84ec-1f5857d2b103
0.3280935798946583,0,24b068b6-91c5-4d2f-8ea9-5d64ee306120
0.3270535094821432,0,ea0bac02-3e0c-404d-8bcd-831d421805fa
0.3251115620321414,0,9d9b05c9-e037-4f21-8b87-a70635189130
0.3245594181146017,0,83088f21-9a9a-421f-aadd-5f9996d2a724
0.32147698183150614,0,de379d02-3127-421b-a663-94a8311786d8
0.3211590426315544,2,d23bebd1-d5d9-4f07-9bfb-2dcf88511158
0.32082001241536834,0,81cb240c-dc72-4d8e-a3a9-4a2f715e8af7
0.32056377230768457,2,21e08a0c-3202-43b7-8fbd-8c9d8092a3a1
0.3204066914554312,0,da4b00e7-0846-4849-9ff2-b5ad8be706cc
0.3200217017113314,0,4e45e04c-9766-4a24-82c2-aeb7b7e86269
0.31932601296688273,0,fd5dabf0-6ca7-41d0-b891-9c606f8ae746
0.3188009411000319,0,7b4a5fba-579c-4284-ab8c-b258f4a9ce58
0.31814869355320036,1,19709001-9a69-4821-b71a-01df14da56bf
0.3178808061678946,0,e16d4609-11b4-43f9-b465-b07f03bb9cdf
0.31775457486177516,0,81c5a6a4-09ed-473f-9fd2-521b63734869
0.3176453422851581,2,e40d1017-0eaa-4352-8f38-6b2f27dcf1b8
0.31740987840242163,0,ab4dd27c-714f-4820-ad07-325aa7849a51
0.31676770417677674,0,d0c74439-8b64-45cf-a095-9212a6c49590
0.31489689955765526,1,157197e3-58af-4ddd-ad5d-4c6d37825d06
0.3144114913929767,2,48233833-f2f3-4255-9961-f1779aaf9f58
0.3139824308686855,0,2279fd89-44e7-41d8-9be4-85a5b3e87f0b
0.31368967497170025,1,1d23e4b2-0d46-4764-83f6-b3fded8dc883
0.3113136303368141,0,e40169fc-3f5b-4546-adba-03ad2a0193d5
0.3111319957641685,0,c3d4463a-19a8-45ae-9e6d-7971e1e98e14
0.3111165709911015,0,1ef8bdfa-3099-47aa-801b-856420ba3e01
0.3110293738045801,0,1fb64086-173a-437e-bfae-cd41e1b18bdc
0.311009541953494,0,66ada068-07a5-44ea-a136-162018b0d4dd
0.3095967586570752,0,18f0b1f0-99b7-436e-a7b8-78ac8172c8d5
0.3087191205486939,1,dbd91465-10f7-4b77-bf92-e16a5199af17
0.30864073751821064,0,ee3b479c-2e21-4eb4-bf50-ecfa30bdb04b
0.308439271094479,2,8aefda3c-5f93-40e0-b9e1-6d476eb00863
0.3079056998628769,2,7c3337fb-a0c7-49d6-bb6a-e5782e887ac4
0.30749898951996846,0,ed548113-ee92-40fb-b12d-9077fb2e3016
0.30704789360558166,2,2566f5dd-5b33-4995-8362-4609dc905044
0.3067069746416731,1,d3bc1653-9dbd-4d09-b0d4-da3a3c60ccf8
0.3066879297688047,0,85b4399a-654f-43e8-9bfa-4cd55c9303bf
0.30540122038286177,1,74c02039-7978-448a-a609-ce06687594b9
0.305339836081881,0,0c77e9c0-8f6e-418c-8ddc-732afbc0de98
0.3050911509650871,0,21f872bd-9fab-4cbd-9420-3f60c2728b65
0.30479052528592493,0,9627c27b-d097-4ef8-81b3-ae01b188d0e6
0.303645944166099,0,b77c3ae4-bfa6-470a-9baa-237c784ab810
0.3033018772893196,2,18c47f05-087d-4c89-a929-cf3ea629dc80
0.30327102774318576,0,ab637bb9-0240-4d13-8a3c-cb4d85bd0829
0.3020619144095082,0,899f6d6b-5f89-4e94-a9cf-76b61c3a20b8
0.30199769698694373,2,19e6b387-f345-4449-a7ca-4aeff6f5e689
0.3018736692198339,1,971d338f-86ac-4750-b087-8e16ea2e775b
0.30182645052677176,1,a075b284-4367-4a3c-a7ab-e8b6bd8699cd
0.30140557457594475,0,8efbd639-5c93-4898-a96e-73c2331689f2
0.30125290080171047,0,cdd04948-8aca-4d37-952a-b902787967a9
0.3009960311114525,0,230a9ca7-3b53-4bc1-9323-b18c7399127a
0.300947238461955,0,1ecb0440-c7d7-4590-a18f-b7e0e93a218f
0.30076025243742893,0,1494a5b1-ff08-491a-8740-1391c3d54003
0.3004504978109414,0,22c2ac01-8ffe-44ea-8782-14c0d2b03811
0.3000954132391142,0,2ccb7687-66cc-4266-aa34-b0a454d25636
0.2994334071623832,2,c8e5f56f-91f9-4f39-a15b-ad37d1b30c48
0.29940602032040714,0,71d3eb52-0fed-400f-8b61-3dbe00ec6146
0.29902071578502026,0,1f485118-e73d-4a2a-915c-8c894e289789
0.2987638460947623,0,71c363ca-ef4e-4c74-8a60-60558477d7cc
0.2981962774041555,0,6020836f-f8b5-47f5-9258-7c43afdb3ea4
0.29817613076178234,2,dd021060-29d8-4524-94f3-62d784da37e3
0.29802534573527056,0,6f8fd2e4-6a80-43de-ac17-6d81013badf5
0.2971768258209443,1,611bbde2-0d77-4751-90fd-d99b9ee36ada
0.2962165549997041,0,881eaa2f-4d73-440f-805c-06a7feec45ec
0.2959014489213362,2,5179a1c7-9df7-4caf-ac87-765f9a32ae21
0.2956401721530591,2,6c4aba03-a474-4ce9-9984-79d3a01f4a87
0.2950936944786868,0,779b1a6f-7a13-497c-bf9a-7e8800613d74
0.2949640004684095,0,8479f8e7-b456-441d-8186-14f1faee1808
0.29486861870842396,0,c35cba62-2ab9-49da-9ba5-b7a25663ac7a
0.29285584321882907,0,3f4ca15d-8612-4899-b38f-519762507769
0.29101494377198034,2,c594d896-a677-4f67-babc-de7f89ac8dd8
0.2905137960429476,1,3250cbee-9618-4144-9268-b19082b3a2b3
0.2905131664603734,0,d5b8a90e-11f9-4934-89c6-72b4ab6f7ca4
0.2885104642919651,0,dfdc36da-6fc4-4df8-b305-81915f1d16e6
0.28791110168136325,1,19b882ca-a082-4445-9dbb-4d0cc854ec96
0.2872150981456275,2,6e4b84ec-f5bc-4f4c-a314-20967f4e6890
0.2863374600372461,1,c60d1926-87e3-4fe2-a51b-8c00c52bbf3a
0.2842009715718285,0,08ab5810-1a23-4562-a700-f9d99caf4532
0.28314217107773204,2,e773e1cb-7a2e-4d8b-b460-46183b82ecb4
0.2823411846477549,1,6f9b297b-2f36-46fa-aa4c-3328129d603c
0.28127089427167995,1,36cd313b-d9ae-4cfe-bc33-e3df5ee744c7
0.28120226977109636,0,3ef4d5b1-0c15-4832-88c3-d226a488b030
0.28078328256799184,0,6184d2bb-cb84-49f8-8fe5-a617d2ede399
0.27818216216284275,0,67e71c6f-4885-4a35-a515-0c205534e2f3
0.2778289663387381,0,0f28483b-f2d3-44eb-9f3e-6949119713b5
0.2775506908409586,0,a47f210d-6481-424d-8a53-35b55894dc09
0.2748321532857285,1,15cd2dab-5f37-4c85-8951-73c70a0f2bbe
0.2746813682592168,0,52f2ffc8-cdf0-42dd-862f-d03da51593a1
0.2742970080976911,1,5e5b0f99-7293-4e89-9963-8e5283f25f81
0.2742076073721601,0,d714c78f-f522-4a96-b65d-d0b6fd313d64
0.27391170356230415,0,c4c2122e-0994-4f47-b87e-2121ff508e34
0.27380373015083537,0,b09c6ccc-df67-46ab-bbae-b4855e2b94af
0.2730230477588749,0,df1683ba-a1c9-4f27-b91f-eb04739719d2
0.27277625138980355,0,81dad73c-ecf5-4754-8a8d-3318d0a85ce4
0.2727557899561433,2,9561d538-bfc1-42ce-8ed5-23b7eab1fa4b
0.2707008324340796,1,37c903db-8b5b-499d-b1d4-c9719b449914
0.26959654459899995,0,3b4cd929-f71e-413d-ae89-ee293514e698
0.2683461936067149,1,fda293b7-2887-4e11-a4bc-445a6f46e452
0.267618396150984,0,7c56ccc4-1110-49e0-b6df-80d0bd3a4f37
0.2673291029581567,0,97f93aed-06b4-45a0-9d15-a444543b1302
0.26720066811302773,1,79c3102b-946b-4de4-ac59-f83f070f834d
0.2669692965170233,0,251e70d8-6015-4e57-ae55-88709d93cfac
0.26610897192943134,0,518017dc-39ab-4ddb-b018-5cf956e95c3c
0.26588452574174276,0,b53c79b0-71aa-4806-9631-3de51ae473f6
0.26499429598187807,0,fe1ad854-b561-490e-a5b5-2ce42edfdde4
0.2647374262916201,0,4bcb2f08-b34c-4efe-8dd1-77ba86baab87
0.2642232147241736,2,b68ac59a-800a-426f-a182-1db2df1902fe
0.2634332459892442,0,4960293e-a96c-429b-9f3c-c48327c0204a
0.26331582883916305,1,72907849-773c-48b7-b9b8-b5149bb781be
0.2610040016268414,0,201a7783-227b-41c0-8a64-dc5a67b60703
0.2600086315770918,2,b1e6ba4f-4d73-4192-9ca2-96b2c52e002a
0.25836290272823315,0,b096d013-451d-42c6-bbd4-94a2dcaf3c73
0.2576351052725023,0,2903f006-e707-4691-885a-751cba27b31f
0.25706974012090505,0,f283a78e-f47d-40e7-a231-5fcc1766f7ca
0.2555713335944002,0,6915eee4-b93e-45c3-b42c-4fb64c195a9e
0.2542183606425268,0,6046d8d6-ef16-47d2-b3fc-418a513d5ad3
0.25344775157175287,0,acdf4354-8b19-425e-b0f3-5bb826b9a3a6
0.2526985483085005,1,38205ddd-5d7a-42da-841e-51989d777d04
0.2522276205430276,0,796c731b-a6c4-466c-846b-db9391b19873
0.2514141998572107,0,b185de26-9e5f-4dda-a7a8-68e03af4f11b
0.2513713882421677,0,76bb26a7-86bf-413a-a7e4-8e75fc219c6c
0.2508576488616518,0,d3bc4014-6bd1-40a5-b5e6-f42a1647888c
0.24996930784950966,0,6955d7e1-617f-4a32-91a3-c74643dbfd9f
0.2481479254624599,0,3aae7223-42fb-45ba-8abe-a3af616e798e
0.24527954725457926,0,0c776388-890b-4d19-8516-4f4ef6a9d2ce
0.24412363364841846,1,e408ef8a-f8fd-4233-823c-636ff3091019
0.2435570093316729,0,0b4dbd3a-eea8-487b-9d25-7fe4310d1ebb
0.24342164907822816,0,a8404abe-701f-4d30-851e-364ff179c1a1
0.24337002330714688,2,ca828c28-ab47-431b-8cb9-fd761981e9a1
0.24261641296587536,0,5aaaa47a-61f5-45b3-8160-568b2cdd9240
0.24199139486537638,0,0dc845c6-934f-42f5-9699-709abd0a64b4
0.24192450171687171,0,e01d740d-095e-4eb8-98db-cf478da50f17
0.2404116147911612,0,de2e4f2f-1de7-4da7-bc9f-f482cd9f9498
0.24012263638962097,0,23e0b171-00f5-4cb2-9db5-a9c5a0a05336
0.23998349864073124,0,618648b0-9863-463f-b04e-37a19af33cbe
0.23972662895047328,0,6a57d378-dedd-4dd7-b986-a4e2776d4a13
0.23951257087525832,0,1838218f-e98b-464b-94eb-a611e6c1cdb4
0.23760745400584504,0,16caa6e1-7222-48ed-b810-e50e82d71d2a
0.23745761335319457,0,aa9af8b9-e2e0-44f6-a4ca-b9593d9c2bca
0.23714534039641036,0,bba5d929-54e6-470a-b93a-5541c9831d1d
0.2370937146253291,2,c9be7281-e646-447f-a7af-fcde5fc0516b
0.23584147488532156,1,5bc15769-be1a-4397-87f8-a30997ac1317
0.23532584675708312,1,f08f73d3-c64d-4166-8db4-6bd1b905232c
0.23512312116820308,0,9b74844b-2f49-4489-83d7-dbb1004096bf
0.23495769834684208,0,58000c09-517a-4cb7-bb5e-dbbf69f01ba3
0.23479510864706485,0,6b41e6ce-172c-48e4-b67f-e454ffe88c95
0.23275714985450346,0,b1c0652d-53f0-47b7-91b8-c2c116571491
0.23259156963749897,0,1d8d8b77-a788-4ab5-a534-2b9a7ddcbbc6
0.23228181501101142,0,9dc029e4-3c45-4119-8583-411218960460
0.23196513497620808,0,561a49f1-2e9e-407a-a1d6-405da9212b4e
0.23149420721073516,2,86034569-d3c4-4e65-b516-d32d7961f739
0.23023567164498596,0,9707310d-3caf-4f8b-889f-b34a8d9924af
0.23019301742558654,2,361167c2-c586-4778-a944-db0710cf4670
0.2296747135714079,0,c1637d2f-fd75-4755-bcd4-0b68bc2acd35
0.22942240835481262,0,81e71cc9-3d5e-4698-93cb-25c376780939
0.22926107782018365,1,824574b4-01fa-4bd5-b8a9-b50b154a3c67
0.22854020577276854,1,6acd64f3-a0de-4878-a02d-3a726217a70a
0.22825752319696993,0,db64ff7a-48e8-4da4-ad12-e02bababcb7b
0.2272986689365217,0,85e08258-c034-4dc3-bd94-e7d8fe27d912
0.22695365768588113,0,5e5b5cfc-37f4-4c39-a3e0-65d6bd1f4147
0.22374986936161587,0,c6d546bb-824c-48c9-956d-fb4855034d1c
0.2237453048879532,0,b4df29ee-8bcb-456e-8d5f-4b5f9049f75b
0.2222683041689699,0,d16fd799-5b28-4cca-82ec-fd35a5625102
0.22214175807156344,2,5f101ec1-2ef9-4b0c-8b8b-664ea9bc770a
0.2213050428305025,1,278b5d75-84fe-49d2-b0af-72c5dd53b892
0.22098962196084757,0,a1eae984-115e-4eed-8f56-658d12aabd8b
0.2207913034499866,0,56e64b37-ad9b-49f6-96d7-d8439a0d14dd
0.2201094655221695,0,aa533f44-e237-4d01-87bf-f85552208659
0.2196656098073855,0,6cd48145-5163-4952-a49b-01d34f11b937
0.21948554919117527,1,179e5d8d-4618-4b59-8f26-f5e73bceca3b
0.2193816680664386,0,534944a1-f009-47c0-a35d-996953f04095
0.2190575904363889,2,561945fd-9d87-484c-91a3-ceaee19dc516
0.21835985554857418,0,733efac8-acf9-4f62-bc64-d85dc3663bed
0.21830822977749292,2,13f513ad-6e36-4cd8-bd0e-ec9401a8196d
0.21799595682070877,1,946ab742-f60b-4fd6-84f8-59baeeb62466
0.21738778005406856,0,0cfbbe2d-4b54-43f0-9dfb-b575a728e423
0.21641192706411794,0,3c602ac0-097a-43f9-ad3b-530e6fcc2f0e
0.2162318664479077,0,c1dbcfe8-3792-4d5f-9c0b-a8d026a2adf2
0.21612483741030025,0,d7956c06-357b-4704-b5fa-e7d6a850f9bb
0.2157395328749133,0,551be8fd-1b0d-4507-8ca3-3eeda1af7e05
0.2152988250730001,0,98c1ce88-8db4-45d1-8231-b34763090f43
0.21499473668968003,0,73ad07f8-d218-40de-8142-5e425e5117b7
0.21499473668968003,0,6cbabe2e-cdc5-405d-9e5d-eb835135a1e0
0.2147976773439674,0,cfb3f418-82ac-4a9a-a4cc-0dd8493bc2ef
0.2147334599214029,0,91a8bfee-5e18-4c89-86e9-795acef8f769
0.21436956119353745,1,4ed75f1c-0205-475a-9c7e-05279e6ebc48
0.214285826711174,0,0db76650-1e5f-49c8-83f3-398b3afba749
0.21387297793816745,0,7a931b6b-ca10-48fc-8868-8401a480b07f
0.2137632731746198,0,6c83b3f6-bea1-4a96-86dd-0121fbbb32b3
0.21211392422595968,0,d849d315-d9c4-4623-908a-5985bef62444
0.20940341384855013,1,bff5f0d2-b689-4f87-a39b-9e0979c44c79
0.2091937628513543,0,a5fee8ac-52e4-446f-8a42-2c3cfab6bf35
0.20908232673572769,0,8d2f603f-b215-4d57-a8d0-43b571fbe4cb
0.20858999316273324,0,c1294d50-ea32-4187-982b-5c533d0cbd58
0.2084659653956234,0,3aa2be65-18f0-4baf-bf8b-f9ae4dc3e1f8
0.20805484797469584,0,e0906457-d3ab-4ddd-a98f-6b2800ca608e
0.20737867629004617,2,5dbc3ac4-a1a5-4186-b975-705404373b86
0.20621835560586624,1,22ce9493-fadf-4353-9e58-c30efd6344d9
0.20607292203123484,1,a98c386b-d317-4758-9b60-156b0af1ba88
0.20489135293517693,0,70acc3b5-50e1-40be-b7d5-dedde1a09e24
0.20462991877125628,0,f33b7599-3c5c-45f6-9818-23a4eb26cd98
0.2041622963142977,2,a2b8bfe1-3f13-4e7b-954b-8ed5cd080bc1
0.20248933801910657,0,ac2921e0-71df-409a-874d-722a7dadc8d4
0.2023609031739776,2,6a762710-f72e-4e3b-9a3a-96cca0cf9680
0.20188997540850465,2,5afe73fa-1252-46c2-92ef-9d1c740841be
0.2009500086252813,0,5bcc7211-e26d-45e8-aec7-43afecf03581
0.20091852949657318,0,f62ebe5c-3f13-495a-b08f-cb70bab3e88c
0.20086249664747283,0,0436f564-d6de-491a-8e60-78973a949c95
0.20043438049704285,2,574e36c6-2e12-49f3-b260-cf8a1b8bf8a8
0.19966377142626895,0,559c643e-1940-43bb-a5a0-69e879adf018
0.19814395909224267,0,9194f3c3-d417-469c-aad8-f260188587b7
0.1978442777869417,0,058849ff-09d2-48e7-b1be-ccf3a7ad13b1
0.19667577252929763,0,9d7e314d-e142-41ac-b4cf-cbeff70d3953
0.19591964385772948,0,1671d634-6c7b-4db6-ad67-da54d17423cd
0.1943765369684592,0,e52e0c62-d26b-4ead-a186-6ec420e98503
0.19315829468745635,0,92f83c65-f2d6-4eb4-b3b8-c3a616f3b024
0.19274151102336132,0,dd8fe9c1-930c-4f8c-b7d9-773c686c6f7a
0.1914697542235547,0,e41361d2-59a8-48d3-bb59-4e53fe945ce6
0.19108444968816776,1,4112aef8-6c8a-46b0-8a51-f26529afa633
0.19104163807312474,2,4531d228-0031-4e37-8e3b-b0dd93b7f456
0.19103471266480898,0,fd518e76-601a-4af0-8f1c-cd4897ba7f4f
0.1903138406173939,0,3de2f630-ca8d-45b4-9732-1c83b39932c1
0.19029684188789148,0,63a353b5-af7b-4c7f-8352-28482b5579c9
0.1901639999647434,0,e4236f82-34f8-4aac-821f-2d835e2cac51
0.19015140831326016,0,f7ee4c7f-bf09-47df-809b-e7bc07470afe
0.18990713027448541,0,cebbeb91-7d7b-4571-81c1-ead2e493ed96
0.18969747927728958,2,eb022ec5-1587-4e06-83c4-e503e77f2f86
0.1896118560472036,0,3e5e73f9-8d45-40bb-9dd9-d897c4646f60
0.18935057927892648,0,7e356dd9-6b17-4590-a0d0-89b4a19f8e74
0.1889054643989942,1,bfc94fe2-4494-4f99-8342-2ed524e8496a
0.1887084050532816,0,8abe7d62-ae8a-4e90-9454-f93e44daaf69
0.18834450632541613,0,3d679cab-c5c0-457c-9b83-eaf3d87f1d63
0.18831176803155972,0,409fbc2e-5736-4768-b72d-ae8933837e42
0.1879850146755698,0,fff67870-16f4-48b7-8586-f47bc8d59982
0.1877879553298572,0,87e5e8e4-73ba-4800-8d12-c4ea2441afb8
0.18751408691009688,0,d9c94f8f-a199-4588-b3dd-a57744c94391
0.18693613010701646,0,39c1fe59-192a-44e8-81a9-3546cf80cf80
0.18691472429949493,0,c0dd6bae-68b7-44ab-b15e-00b11a77ca1c
0.18684609979891134,2,c5cc578a-5f30-44b4-a491-570b5d2aea0b
0.18596846169052997,1,1b35df6a-3f5f-41b1-86bd-0273a0076160
0.18588724553846311,0,2c9a7455-dcb8-4d5d-b73d-951b02264a7d
0.18588283846044398,0,3a95fad9-4128-4741-a9a2-8151d08e948b
0.18587465388697988,0,6f4cee64-b6a2-467b-a32b-5caa755b8f90
0.18573299780779348,0,99b2c73f-8ebd-460e-909c-eaeac7f9c276
0.18492398419999573,0,997b14ab-7bfa-4780-8419-4c50653ec639
0.1845959716788575,0,d2d6e07a-b659-4302-9451-91e515b47063
0.18426481124484848,0,2c9c7aa2-8727-468d-817d-c91c81eb3577
0.18418485425792994,0,30254aa5-c6e6-49c5-8813-db4bef089f1d
0.1837342305304737,0,0e40d37e-35d3-4ff8-90b7-f0c8fe4aabc6
0.18265496860271702,0,80772d2e-d942-4e81-bf27-e180c27f9ba4
0.18249253629858334,0,5f6aa6ba-2c56-44d0-9af1-2cf972c66fbd
0.18213430381388535,1,01cdf789-12f6-4606-ac25-45a6fd364e2e
0.18208141887765575,0,5721f9a5-605b-4474-b80e-941c3e96d133
0.18203420018459363,0,ecd4ce94-0376-4c74-af57-4224ff5ff29a
0.18177733049433567,0,00a36c05-8316-41f6-91d2-2918bac49833
0.18099979601524602,0,2ca96efd-eff5-4a2a-88d5-ff7b787c2d04
0.1803148101745581,1,4a9badde-ae9c-4fcf-9802-505616cbec40
0.17988559225462333,1,62e89cd5-6291-44b2-8987-12e53dcc54ad
0.17975825917899915,0,3421ea86-c13d-4d53-9f69-c4f3ba7f59e9
0.17962415809070273,0,53a25dc1-b1ca-490e-bf5d-65d988557c8a
0.17954671943408082,0,b9059038-8c37-451e-98dd-41bbe86db535
0.17937295464361222,0,784bfbf2-3cad-44f9-8150-338b6e30ad4e
0.17935847424440646,1,5d5f48e5-2fd8-4ff2-84ed-5fa6d4293673
0.17909467914583274,1,ae74a00c-43ed-4198-a16c-973c346a90d3
0.17737780746609383,0,bee71477-3db6-45a3-bab6-3a6ee1a39fc3
0.1769824296095203,0,30d48160-c100-4042-a572-496eb9fe02ca
0.17692010093467833,0,07a9f9f6-b428-4f6a-996a-0bae266955e7
0.1761904147312249,0,28b3725b-2d8e-4a94-badf-cdb31c292cb2
0.1759291379629478,1,e5bba7ed-6b82-4bd9-a88e-f44b1396effe
0.17520574758523605,2,53ae2f4a-d784-484a-a97c-fb63fce5d445
0.17505590693258555,1,8c4770d7-cc71-4a6b-b7a9-f776829452eb
0.17489914087161934,0,ae2a5db9-4990-4990-ab24-099abb36ab27
0.17435958860556275,0,55df496e-39b8-45ff-96fe-44efe49bfa24
0.17368593525120976,0,a026ac23-031e-4935-99d1-d18c40283c0b
0.17357890621360225,1,0ab244a6-26ed-45d9-bcd6-83fcfbbce7fa
0.1732792249083013,0,f53a05ea-23e8-45f0-854d-67f4c74d6d28
0.17173800676675352,0,20d04ded-3f1b-48e6-8cfa-68a2d21bfa65
0.17169519515171053,0,821f4ee7-339f-41d4-b200-f734f13f2927
0.17125574651494568,0,df34ddbb-b85c-417f-863b-d8f2a7a7f49d
0.1711814557711946,0,67bb86a0-9c20-4e95-a062-a32fa2963a54
0.17093340023697487,0,925c2e86-ae57-4b1c-8b17-4c4b6f5d91de
0.17028241185529172,0,4b277d0b-0ac6-470d-95d6-7813948a49d0
0.17025408063945444,0,705e76c8-4dbf-4c77-931a-8e93da9da75d
0.17012249788145462,0,3bc73825-06d0-49f2-b1b1-60ca364af215
0.1700727608580959,0,5a70118f-b1f5-4322-ab56-2d6b7ac72d66
0.17002994924305287,2,15591d73-43d2-4bc6-9a4e-278c17ac839c
0.16968745632270893,0,6a6d5009-2be8-490d-8853-19cbcb43594e
0.16927633890178134,1,2033f4a6-cf91-42e8-b731-259841f02a97
0.16914790405665237,0,d25bbc2f-895b-4b7d-9e6d-b1277b293698
0.16910509244160937,1,a0d742e0-1911-45d8-a61b-18dd0197d21e
0.16903662533666927,1,cb029f7a-55b8-4b49-b9dc-b3d7b515fe58
0.1689552517889589,1,4f6b02f6-7f20-4c47-a4e2-6756e62a6e76
0.1688242986135333,0,0be38987-d3a4-4964-9edd-9173387d7cac
0.16852713563852895,0,219ee4bd-e34e-45a5-a97c-c82ee5836db3
0.16804928246474024,0,a91170fc-4eba-4e9f-b61d-224e74af51c6
0.16779933818279805,1,e97aefcb-5705-4774-9c3c-83b9e464284a
0.16760416758480795,0,7ceebb39-b112-491e-be37-5aa1153eae51
0.16719997557219612,1,2d275926-2d0a-49a9-adda-253c378a5cda
0.16687888845937368,0,970dcfab-d1d4-4eb5-8979-e7e71f7e219d
0.16651498973150825,0,00ebdfee-1b12-4d09-b99b-6acc66a6ff45
0.16640796069390074,0,d4d88ff0-533a-4205-b125-91aa113048e0
0.16630093165629325,0,6a39ec42-fba3-42d5-a154-d63c0769814b
0.16555172839304086,0,b8e86576-2687-41c8-83ce-b78c11c5e2ec
0.16520923547269692,1,2840d885-e4b9-478c-a9b9-7a6cb6d3d8ef
0.16511668683429517,0,917d8598-e25c-4b66-9e50-881c4c02b489
0.16508080062756794,0,9c66982a-defd-4cfb-9234-b24895257a7e
0.16493300611828346,2,446cd93f-cb28-460e-8a07-694ed29ecf5b
0.16488814835987442,2,b6f09726-f7be-450d-8d0e-000b0977b8c9
0.16467409028465946,2,ac040812-0b6c-4549-8006-40e7e31d18f4
0.16462309409615236,0,3b1af924-ba84-461b-86fb-83d9be5e48d2
0.1646029474537792,0,800063cb-e931-476e-a9c9-45e58b93f297
0.16454565543953048,0,2770b3c6-d05b-4a87-8d7f-ded318820d3f
0.1642560474554161,0,54242648-fd6e-4d01-8297-d1c0dfe0502a
0.1640904672384116,0,48ebf3ab-5b94-48a9-8828-be1f4c1a5cbc
0.16384807794735937,0,e1d467f1-2ba3-49c2-9cc3-42ad87bf1797
0.16316435127181975,0,015a0015-f36d-4f8a-9ac1-ad614e28385f
0.16306865472054716,1,0cb99f30-961c-4643-b35c-4c769a1670d4
0.16284767123701646,0,f3989d9a-cd79-4e7e-8663-f64e4734f13e
0.16262920608378234,0,c1f9ad3d-58f1-46d2-a337-d9b83d96ac3b
0.16117801825033967,2,67eb6306-c8fb-4a71-a345-ec259c947591
0.160778233315747,1,9e55d5ca-77b5-40da-b47f-6b50ab812e5f
0.16047855201044603,1,f1aa835e-d02a-46e5-bfbf-739c8e01236a
0.16042440790906812,0,e522e7c7-481f-44d9-be0f-57510404a966
0.15949577361217968,0,0d854172-5b8e-4736-921f-11953dee28a1
0.1592684943029073,2,12d89c36-2c75-4fa4-b6cf-cc42a329869a
0.15839416150304028,2,2fdd265c-17f9-4a91-baed-863f08ce2dc6
0.15812391318308136,0,46d91bf9-dcdc-4b79-bfcb-c5ea63c181f2
0.15809117488922494,0,aeda8e4c-6ef6-4ee0-933f-d32877d0ebb9
0.1579098551078664,2,37f2c55c-015f-4f50-b9c5-868c71f38dc3
0.15784563768530188,0,353f14e0-7003-4094-9c7e-1fe31f375e6c
0.15671301863438505,1,c24f92d9-d7de-473e-bb02-f88f461587cc
0.15666831827161953,0,0bc652c9-55ac-4cad-bbba-e724647233c4
0.15664691246409806,0,22e2d13b-4539-4e62-ab2c-0c455cc51293
0.15655436382569632,1,201778e3-57d6-4eb9-b466-d0d2b9abd129
0.15651847761896906,0,8bc2a482-877b-48db-ba0b-d47c9c79a5cf
0.15651847761896906,0,49328152-bb08-4d7d-adb0-d46f29f2e41f
0.1562930870574192,0,cc32d1d0-96d9-44fb-9781-186fa06e45bf
0.1561545788911036,0,4e854040-dfb8-4e0d-b41f-f24adab1c520
0.15521272336015776,2,3a6117a2-85bd-4219-87c7-7bdbd9a39005
0.15519131755263627,0,a29d7b81-e8ff-408a-9d7a-53cd838529ed
0.15491304205485681,1,bc18604c-f7bf-4594-9315-71ba1ed2f801
0.15439237726602512,0,6221c568-9ddb-479e-9c05-36962f62a0e6
0.15412543425458053,0,d04c55bd-cd35-42bc-82d7-c274de6aaadb
0.15406121683201604,0,d9a570d2-231e-40b3-aa57-7162ac5ade20
0.1540354039464754,1,b12458a6-e828-4c14-b00c-0a4c24bfd9c4
0.1525042591261142,1,0a728662-5161-4b42-b79d-5c85f7867f3e
0.15248159415344437,0,30c05149-584e-456b-ade8-b10655cd5144
0.15171098508267047,1,cd4503c2-9409-4240-ae9e-cf6e4c20f371
0.1515284061361636,0,233c4dff-2d6c-48ce-9c3a-277a45950e36
0.1509718551406047,0,1d1e8f57-dbf1-435c-84a5-e6fb1f268cdf
0.15055066439849052,0,2b78d08d-a1fb-482b-96d0-8b4a45a4b727
0.15030386802941914,1,8d43dbcb-64b7-4ce8-911a-985f68f4d883
0.1502679818226919,0,3cdd69d9-45bf-4962-ae42-ad6afd72401c
0.14889675097616778,0,eb762181-c6bc-4fc9-9d89-0c5ba0f054ee
0.14870976495164176,0,363fb912-1ba5-4d0c-933a-6ce956f824dd
0.1484201569675274,0,035a836d-a0f1-4098-bf00-968803101309
0.14781512811375802,0,74fec21f-446d-4937-8edc-a36448c261fc
0.1473586807474908,0,fe2931c7-d9c4-4a4b-aa9f-cad3ebaa1c66
0.14572302521981878,0,942e8142-e1de-40fc-93f3-02a0f4f55f78
0.14538493937749394,0,e14100a5-e06d-4ff3-b3c5-4191d4417e83
0.1452395058028626,0,cd8ce7fc-9f26-44ce-88c1-51bd53b60e74
0.1451079230448628,1,777d6798-8833-42cd-95cf-2ca08aa565ff
0.1449895615209204,1,79f6db14-f2f3-4fb1-a88e-c2db72e72aac
0.1448781254052938,0,5091149f-d67a-45ed-a108-e8175665e87a
0.14472135934432753,1,927c20d1-921a-4001-ad1c-0f06d74d7165
0.14449722794792597,0,e90c5bc1-8bbb-44e8-b902-73febdac79cb
0.14446008257605042,0,ea511b48-256e-4ef8-8e75-b70ec4cc4a4a
0.14432787023547647,1,89794301-8b60-40d5-a897-4d2b20b7dfe2
0.14400048729691242,0,e32a78d3-a7c2-41b1-ba07-3926a6a2d8a3
0.1438481283139653,0,6883a17b-eff4-46c2-8f88-7b2237ad3eda
0.14301770889864604,1,4a9bcede-6f17-4320-aacc-fafbdfbe0c7c
0.14191279148099228,0,a3236730-bd14-4cb5-afef-92f9429c484e
0.1412605439341608,2,c914bbca-b656-4ed7-be33-0497f000abff
0.1402972825956934,0,19f6c4e1-b72a-4363-b785-a1dcb87e0b68
0.14021606644362655,0,668e0187-ebe5-4371-871e-4bf1a4fe271a
0.13964377588371357,0,7f503e54-05d3-41ba-8742-74bd3cd4dbf0
0.1395795584611491,1,36460a56-304d-42d0-bca3-06ad08d50a8f
0.13908990061409485,0,e2ab9fb5-9424-4eec-aa88-61253cf001f1
0.1389373842355042,0,7826c5d5-6141-4091-9854-fcc4d267e298
0.13874473196781073,1,27daad25-716f-45be-bb85-a64d4943c81b
0.13861629712268175,0,e8f1cbba-53b7-4a46-9db5-0d424a92d398
0.13835124285895967,2,60f541ca-9ac8-4216-8f16-9596e6c6a81f
0.13834935411123717,0,ba51b666-9826-45df-8422-50c71dc034e7
0.13715078628567687,2,da00e84d-1f0c-4abf-93fd-b1df9cdde15b
0.13676973143266552,0,2a771484-3ba7-4b38-a010-ed2a877a42a7
0.13659848497249355,0,691b50c9-fac2-4b13-8fb7-504cbc385529
0.13582787590171966,2,aea733c5-0624-4cfa-a0c8-b33be140e9f1
0.13499304940838125,2,4c7f13bd-df91-4fd6-be09-73ba77878fd9
0.13482746919137675,2,5f14720c-5223-4585-86d2-4221924c797f
0.13415381583702374,1,3f7e5308-2522-4603-8053-6976546cadfe
0.13366588934204843,0,2c387d7d-ca5e-4843-aa34-6424f8931339
0.13364448353452693,2,b262b4e9-6bc8-4724-bc71-b0c60c151e73
0.1333233964217045,0,e9d27b95-cae8-46cd-825c-04ddd3ef23e0
0.1329651639370065,0,da9d539b-b96e-433d-88f7-a98c622a60e0
0.13295949769383905,0,ba23e9e2-7676-4572-97b3-ecc10a46c8e3
0.1327751873952532,0,e8b135cc-1c90-428c-8f8e-3dcbc28851e0
0.1311143485646147,0,34a1c2cc-928c-4899-b29b-35deaaf52898
0.13025795886811128,1,a0194798-2b8b-4e9d-83e3-cd867cc1e862
0.1297202953497772,0,0c178d07-8df8-454a-bf7a-eb22604d6927
0.12959878591296398,2,e65e489a-2e41-4680-990e-131a383ace13
0.1276163877825724,0,85a8aa46-1297-42df-8584-e184152a14de
0.12734425071489103,0,b52dfd79-f29b-4d3b-91e7-a76a2865064d
0.12713711804799183,1,af3ff0d3-dea3-432e-8525-78d0957b7b08
0.12394765272728876,0,27a064cb-d18c-4366-ab2c-02e01fef5746
0.12338685204935423,0,c362e3ca-7f8f-4bc9-b128-fa6dca1cf1e4
0.12330547850164385,2,9ce68242-daab-4283-bbbf-698d3d1ff583
0.12248513240751116,0,46ebbd6b-efa5-4054-8876-b6200e998c9a
0.1205674238866147,0,38f9e64d-5219-4b79-a380-23c19a20ebca
0.12017330519518948,1,01108d63-ea7b-4b70-91b4-9625bf33b32c
0.12010908777262498,0,3a096f91-eb86-45e5-bc78-4ab92cdfa7c4
0.11985221808236704,0,1b21b327-9495-4454-87ab-5a4f0c666173
0.11976659485228104,0,7c8d23df-ad74-4880-87c3-06abb295bc79
0.1197540032007978,0,185e653d-f2fe-4402-b032-fd673aff76ff
0.11953113096954457,0,303927a0-de4d-4f84-bea5-f5b740464866
0.11938569739491324,0,005e8b82-4819-4b5f-99e5-2a00feda9b94
0.11827511373409201,0,eba470e4-b335-4c5d-abf5-e4ddab0562d5
0.11734522027205523,0,e7ab1c4d-52e3-4f42-97b1-113c92e7a526
0.11712754209703882,0,1c9ab4c6-837d-4dd4-8c7a-15734bc2c1ba
0.11642870543971935,1,9317dc1b-b5e5-491e-8942-41e6e2a0b76a
0.11493580776073847,2,6e5680ee-487d-46b0-a129-23c6b075a2df
0.11413072904402922,0,e822a3a2-2beb-4ec4-8ac8-3ead688e2e1e
0.1125383573183308,0,c35af31e-d6d3-460e-8fdb-b85ea8a5fcb9
0.11139692411137567,0,53cfcfc3-127c-4f49-808d-1c40c443ff98
0.11123008472922283,0,a850e0c0-bede-4ebb-9b41-eddd7c54c868
0.11112746276963448,2,c0b35081-8214-4e34-8e48-bddd5a1eedb2
0.11087940723541477,0,85e8b74d-6fac-4c44-9f80-4ea674c52d19
0.11011257566008584,0,caff5e30-8ced-41c4-aa5e-e1768a09f158
0.1096844595096559,0,30700350-dd4a-4e26-8c37-d5820766c286
0.1088370413648343,0,f224c838-88bb-4b53-bf73-f1bb001abdfa
0.10863179744565758,0,8511b977-eb0e-44a5-9f76-29420c99df4e
0.10780956260380242,0,8e48892d-0eaa-43fa-96b3-1d60d80de4d9
0.10720406156310244,0,d9b227c6-c8fc-4d94-bd7c-ee88d1cf1f3c
0.10630234192125937,0,60c98fb8-6549-47be-b2d7-188b0d773e04
0.1046112831270611,1,a0bb4c66-b8c9-4812-beb1-b285716e6e40
0.10392897301231338,0,9c277891-70d2-49ec-9604-eccb22b0422b
0.10268476045012634,1,7eee0410-d350-4f9e-a2cd-17503b68e62b
0.10116494811610006,0,542d37fc-1e3f-49fb-837b-621050d51bbe
0.10103651327097107,1,2723193f-8650-45b5-abe2-2909b5065dc3
0.10091248550386124,2,bece9e17-8f97-4b80-8729-9c720de14aa5
0.09947829639992094,0,990029e3-3e73-4051-940b-71854bb22e31
0.09947388932190179,1,373618d7-6def-4872-8691-fd83b501b8ba
0.09946129767041856,0,b179ae26-967a-4c91-b249-7edd8a10a6a8
0.09825816537119558,0,3f2d6be8-d1fb-4fd2-a79f-256f528a3dbf
0.09659291946253795,0,dcb66926-9e91-4e42-9fa4-64cd6098684b
0.09495033852655012,1,f58f9082-c922-45a6-91fa-2c65c2e15002
0.09491193398952628,0,d6fe6276-5ba8-4eed-b028-d3e0e3d3ee46
0.09232875668774089,1,9a9c4f1a-c727-4b43-bb05-e55a220129b8
0.0908544316946978,1,ecdc3230-9a61-470b-8799-b6c0857a9d36
0.09072772820164775,0,586dd63b-9ec1-4334-a0ec-1713b99dd9e1
0.088442973040015,0,4f6b70ee-bb05-4301-a0bc-7a90927fd277
0.08696030607786424,0,d33d8848-ec3e-4366-89c2-ffe96622b64c
0.08402771044741915,1,58cea5f9-3154-4091-ac3d-bd2bedcb8d29
0.08395908594683554,0,f70b77f8-8886-4a77-9515-468debc63a8c
0.08287179684125831,0,437b1c69-720e-4bb3-a5b4-5d1bcf72a9d1
0.08114060215795724,0,faa2089c-bbb3-48b5-8262-93508e74ea07
0.08078410102533819,2,b77581e3-5c9b-4d0c-92da-8d7e18219a16
0.08012744640048755,1,1f48f258-486d-4726-afa8-722ae43f1cbb
0.07974041051302165,2,8a77c433-2aec-4a09-b96f-6e34ad36ea63
0.07875054931079595,1,175d2357-261c-494b-be12-0e60816b3cab
0.07847746786925333,0,b101a89a-0139-420b-82db-0983160fe522
0.078450868005495,0,99c4e0e3-bec0-463c-95d4-868e3a4ceb48
0.07777107622104391,2,e0f1dacd-c326-4e15-bf4c-6bd7c7b426d4
0.0770922288104541,1,4a7369f3-2e80-4748-8649-47661f667fb6
0.07634743262522083,1,70a4573f-2c5c-4f42-84be-5b8489658abc
0.07621459070207272,0,517b3e38-e3dd-497a-9859-5f6e6e777069
0.07580788035916426,0,6e3f880c-a628-444f-9e45-35fe802abc80
0.07512557024441655,2,02eb6f49-a607-44e9-9d76-a08a967db262
0.07274684988359018,1,10b6cdb4-9c20-4725-99da-c78f0a2c4b9c
0.0727254440760687,0,3b6483b6-22e2-45fd-97b0-dbc8607e3f9c
0.0722916616824713,1,f835bea3-9a6c-4114-8261-e15e5684d47d
0.0719762408128163,0,38db5746-0483-4bc3-9133-e3f8783b0b3b
0.07152671885486485,0,58407335-5d86-4e15-a7b7-a80437d3842b
0.0711842259345209,1,fbb0cd8b-321e-47b3-bc5a-1b753fb208f8
0.07032185520356293,0,003fe5f5-7b11-4c5d-beb4-8d35a8af0cee
0.06980984717512596,1,5972f612-0e90-44a5-8a5d-d679a584ff0f
0.06947616841082026,1,54bd0a70-3f02-472d-afac-52bfbf3fa7e2
0.06900350929326839,0,dfab9862-5fb8-444d-8fc5-85b7713f9ad1
0.06885665915784515,1,d45f6216-3658-45c2-a265-b9c55c123dcd
0.06835299309851582,0,2cc14a37-7967-441c-8483-30f33cdfb592
0.06797728969738485,2,8d9f4770-72ea-4e32-b190-c240aacfa2c6
0.06550476153300838,0,bbff0a7c-132e-4381-9e6f-83ac760fc70a
0.0652976288661092,1,758190bf-7e39-4f94-a7f2-a93eb1beaaf0
0.06461264302542129,0,d5b9fa8f-b6c3-4042-bf07-6c9fba17757c
0.06353621421924835,1,13a3c630-70b1-4518-8af4-650eb4388251
0.06284036807915615,1,91ea74c9-ec27-4fa5-ad0a-05c4dfb6f260
0.062150975160449116,1,2fc82a66-6745-4e37-9d18-c77b2ea34117
0.061273337052067736,2,83a2d6a5-3780-4634-a5f4-184c394998bb
0.06025026536905501,0,21fb4382-89d9-45cc-812a-ac436e8b2271
0.060106090959571985,1,47795537-15c3-458b-ab34-e5f6c631f2f6
0.059817742140605944,0,53494116-47e1-4abb-960f-9a384294683e
0.05975620044398164,0,4c424e5d-9cc2-417b-bf0b-d80cd45e9ac0
0.05917556791496103,2,e67815e0-1743-41de-a22a-d9810d596430
0.05763434977341324,0,e66110fb-12c0-4467-ad77-769e235f7d7c
0.05753172781382487,0,04ddcdb3-22c3-435e-9906-430993938f28
0.05729185685306928,0,598858c7-e344-43b9-9282-ff575260433e
0.05633300259262105,1,bf4c08ce-1862-4c17-b8ec-62857ffea3be
0.05582319810319361,2,da51dc45-8c96-43ff-b5e2-fefecb7d2674
0.05571223417449762,0,dd7fd136-9b4d-42d0-a9f8-0b9007549f86
0.05428072079649751,0,48dd1bca-1561-46f5-aac6-c3f015a516a0
0.05408979988088298,0,0c2551fc-1185-4532-b744-ebce8dba0642
0.053550247614826414,1,00d0062a-9acd-4c53-aed3-e31bf0558527
0.05162199358581274,2,a2831239-6b12-4438-8e54-72b6e5d552cb
0.042851750932097,2,b5ee57ee-360f-4b75-a2fe-a90f524f2c56
0.04078672008884669,0,34041d90-e5e3-4e8b-88fa-c4b80b9615b3
0.039763176218903344,0,decd8fd0-1ee1-4fbb-942b-d996dc978825
0.03906292300079202,0,fdcc5260-6313-4151-94e1-2b60a6191b6f
0.038922683482397503,2,f4704378-21d2-43f7-907d-938cb7412c8b
0.03580310182742638,1,ee1d0f8e-2568-410b-b757-e5497b2ec0bc
0.03046786169833677,0,86d2dd6d-b7aa-4ec6-9a8e-0449c6224d0e
0.029858425766548263,0,707ef038-29b4-4895-bb20-e5c5746a49f1
0.025686969025796515,0,7b0674bc-0043-4f43-840b-cedde59b3ff6
0.025106336496775905,0,6b19dcee-fc3d-49bb-a9e9-976dd6edac91
0.024549785501216982,0,c92da003-8577-4a2e-8319-868bc6a8375b
0.02410026354326554,0,913ef19f-2d85-4641-966e-7c3fe8650587
0.022559045401717753,0,86ea8865-d08b-46af-aa66-dfca21d148af
0.019647855578794154,1,853f0958-e31f-477c-bd2c-d7b35802c16f
0.01951942073366517,1,4e45deab-866b-47f9-ab51-b17f023967eb
0.019198333620842712,1,0d9d1ff4-05ad-41f5-a0a1-419794ddc732
0.017271810943907975,0,c701867f-11b8-4a87-aedc-2c14ae823406
0.015026876880090963,2,c89eb067-7596-4bb9-86d2-6e034a5cf511
0.014555949114618027,1,b6c96ab1-2ff4-4a18-9158-a63e6689b8a9
0.012115687057167356,0,368d42a0-ab29-45f6-8ad8-9bc0286bfdde
0.01149491863904394,2,1868cfb3-eeaa-4c76-9ae9-bed3731c363c
0.011352475581639864,1,e63be21c-da7b-45a6-88da-66decae2e1bc
0.008091395243125903,0,2f13aa0a-e184-43b0-bb45-18e805e49a71
0.0,2,4541fe84-7df5-4647-bfaa-e10f04aa4e13
