gender,age_cat,quality,id,z,uuid,score,group
female,old,1.0,374,old,c4febb68-05b4-48f2-b401-acef82071cd2,1.0,2
male,old,0.978037641482944,373,old,22664848-b46a-4e8f-911f-36eae824a1f4,0.978037641482944,2
male,middle,0.9054719539850689,672,middle,5b98c86e-69b3-4e03-a206-475d2e974dec,0.9054719539850689,0
male,young,0.8970728502588213,637,young,2aecf2aa-dfad-4691-b344-23752a5cfad5,0.8970728502588213,1
male,middle,0.8622670072288672,714,middle,ef7abf0e-d2f2-433a-a2d3-700a535edf5d,0.8622670072288672,0
male,old,0.852763300876253,378,old,76889cd5-6917-459f-b327-552d4141e5b4,0.852763300876253,2
male,middle,0.8506951221201319,832,middle,0aa043be-589d-4ba5-a62b-5575598998c0,0.8506951221201319,0
male,middle,0.8397775307015942,973,middle,8f5cc7bd-3f4d-49ce-9d2f-1f13d675180d,0.8397775307015942,0
male,old,0.8299094534341841,29,old,d2534e8a-8e2d-432d-9f81-5a0420a270d1,0.8299094534341841,2
male,middle,0.7811004347897259,538,middle,747be37f-1d00-4e93-af54-21c716c258ae,0.7811004347897259,0
female,young,0.7791482566228939,134,young,c4fa699f-4571-417d-ab53-db5b3795573e,0.7791482566228939,1
male,middle,0.7790631055797386,854,middle,192b8425-b43f-4237-b20a-53c359926da4,0.7790631055797386,0
male,old,0.7782320565818451,294,old,016e6713-bda5-4583-a35e-f2213dd1f778,0.7782320565818451,2
male,middle,0.7705435941861827,902,middle,f76ef454-9cc4-4dfb-8279-c7715eb96522,0.7705435941861827,0
male,middle,0.7698623858409399,467,middle,7c3cc4e9-4d5c-41f9-b33c-d2684695fa19,0.7698623858409399,0
male,middle,0.7662581829995078,921,middle,835e38e8-71c4-480d-b8dd-d863fcb08499,0.7662581829995078,0
female,old,0.7522668120582692,728,old,3e461b8f-4b36-4958-afe2-6d96964c7674,0.7522668120582692,2
male,old,0.750447318418942,701,old,ff106f94-3b8a-4a03-a4f4-da7058d4812a,0.750447318418942,2
male,old,0.7481568970141418,788,old,8f8333c2-5d31-454f-a2b3-37f4e1c89fba,0.7481568970141418,2
male,middle,0.7472710743322961,509,middle,49bf4f6f-c738-49fe-ab32-e8b59e2863a1,0.7472710743322961,0
female,middle,0.7468863993794834,18,middle,984492e5-b2e7-4728-b10d-c8615416470b,0.7468863993794834,0
female,old,0.7464230266049005,44,old,f897af1c-4c45-4b1c-98af-df9fd5f23757,0.7464230266049005,2
male,middle,0.7453793360925839,744,middle,b50cd76a-00a3-40c8-92af-0651b1544b73,0.7453793360925839,0
female,middle,0.7418502109731208,915,middle,7d144b09-85d6-42a1-af1e-95781b1b8a66,0.7418502109731208,0
male,middle,0.7393427409758783,205,middle,1f871b28-4e96-4d11-80f2-04436fcc08c6,0.7393427409758783,0
male,middle,0.7318853353849332,763,middle,3b885b96-7175-486c-b9c2-e202ec754441,0.7318853353849332,0
male,middle,0.7279845991510709,226,middle,719b9727-5d3d-433a-a4f5-8a5b7d854aa2,0.7279845991510709,0
male,old,0.7246923544751359,828,old,945d2d6f-05c8-4783-b35e-c465968521f1,0.7246923544751359,2
male,middle,0.7193623084022832,653,middle,7234db99-e30a-418d-a4e6-e14743f4fa11,0.7193623084022832,0
male,middle,0.7137711429567968,927,middle,fa730f33-d845-4579-87e3-1238873a8ae0,0.7137711429567968,0
male,young,0.713500894636838,242,young,0d444968-7dfa-4d86-a0e5-7c089d0cbe3f,0.713500894636838,1
male,middle,0.7121657073926846,657,middle,54b4d29e-4a21-4885-9ca3-1ca5b3f83ca4,0.7121657073926846,0
male,middle,0.7048705767102296,868,middle,eb14ca70-90ce-47ba-8276-53a6da906686,0.7048705767102296,0
male,middle,0.6935986876980825,395,middle,431b2fb7-257f-4cce-9724-a6fe41305b37,0.6935986876980825,0
male,old,0.693505352081463,917,old,f90dffd0-f2ec-4edc-a622-cdf9872b687c,0.693505352081463,2
male,old,0.6915171303122605,115,old,8483214c-47d6-47cc-9e06-8518e27a9a00,0.6915171303122605,2
male,middle,0.6878529597306394,888,middle,b71ba859-0729-4cef-9607-ab4505921aac,0.6878529597306394,0
male,old,0.6832633027650008,293,old,e93c67af-1b39-40cf-84b6-c3e6d89e7ba7,0.6832633027650008,2
male,middle,0.6829681859333625,549,middle,05861b70-ab6d-44c4-8f56-49754dfd0691,0.6829681859333625,0
male,young,0.6829414286739607,887,young,5134464d-64ec-46fe-a0c2-30f7e0c3c1f1,0.6829414286739607,1
male,middle,0.6812171593989753,266,middle,65970771-faf5-422f-8518-c6a82da3bc0a,0.6812171593989753,0
female,young,0.6750266313428872,130,young,e69f6e4b-c08f-4bde-820b-30dc14aa0d48,0.6750266313428872,1
male,old,0.6745473616083065,715,old,c6b787a3-36f9-44dc-98bf-d9e0f6848eb0,0.6745473616083065,2
male,middle,0.6738145274919823,787,middle,dee61607-c6a4-47c5-9afb-3aed557e4b11,0.6738145274919823,0
female,middle,0.6728393040846058,491,middle,2270325e-a9c2-49f8-8ab0-4c336f01cc0e,0.6728393040846058,0
male,middle,0.6713276763240436,415,middle,9c5878a4-a6cc-4fa8-944e-5ad9fc4cec77,0.6713276763240436,0
male,middle,0.6685235155387276,778,middle,b2065b1c-4984-4ea0-b61d-f2b292d77eea,0.6685235155387276,0
male,middle,0.6638570494990412,501,middle,21fe1a7c-4d18-454f-98e5-cb698fa4d6ef,0.6638570494990412,0
female,middle,0.6578591737106465,375,middle,e7c27be7-2c41-4fd3-899a-6c9fb47bc1db,0.6578591737106465,0
male,middle,0.6561627634645678,63,middle,f3afd94e-8ba9-4de7-98f6-f611803a5025,0.6561627634645678,0
male,old,0.6533853599386535,650,old,57507dd4-51ce-4282-a855-e4fe481e82ef,0.6533853599386535,2
male,middle,0.6478757254365212,542,middle,38898206-97dc-4347-b50d-5b32777ce2fd,0.6478757254365212,0
female,middle,0.6436890013183459,153,middle,ad84c389-bd47-40e1-96e6-cb4e75ef677d,0.6436890013183459,0
male,middle,0.6431747897508994,552,middle,65a2c410-848e-4e17-96e6-0d7360ac4864,0.6431747897508994,0
male,middle,0.6420231258271141,328,middle,1f1eaf70-2608-4104-9211-a93096948fe7,0.6420231258271141,0
male,middle,0.6357003854304519,684,middle,48f91297-8dd4-47c3-b5bf-51c256a66211,0.6357003854304519,0
male,young,0.6337776402489621,706,young,1e8ff64a-20dc-405e-8204-d711b64b24eb,0.6337776402489621,1
male,young,0.6308198613155506,812,young,a345caaa-0e51-4674-a41b-4a612c8ba0bd,0.6308198613155506,1
female,middle,0.628366220628399,211,middle,e946f8c0-a2f4-4230-abe0-df0c27241006,0.628366220628399,0
male,middle,0.6277500166839383,3,middle,a71c087b-62ce-4dde-b6a2-346785172cac,0.6277500166839383,0
male,old,0.6258540287618505,95,old,1f387f51-fe1d-4283-b2d1-bff9a41c808d,0.6258540287618505,2
male,middle,0.6232288268232397,877,middle,d0673e13-ff14-4d26-bd5b-c2b19cb2f3bc,0.6232288268232397,0
male,young,0.6231565822228546,805,young,2a54a950-5f7b-4e87-847e-f25b0ddae843,0.6231565822228546,1
male,middle,0.6224714389865231,51,middle,a45c9542-c9dc-49ae-9bf5-bdd86b25ec97,0.6224714389865231,0
male,middle,0.6200393615025367,368,middle,68178f59-f19e-4357-8b0a-5960ec4dfc8b,0.6200393615025367,0
male,old,0.617813157520301,214,old,e55e995c-eee8-4242-a285-7c1599623665,0.617813157520301,2
male,middle,0.6162211005858895,895,middle,ac8c3fab-3f71-4f50-84b9-e15f9047134b,0.6162211005858895,0
female,middle,0.6150266250470613,292,middle,70388ae7-6f60-4bdb-9d88-e98221139206,0.6150266250470613,0
male,middle,0.6127576094497826,791,middle,9b866ae8-7f22-4d3e-823d-2f3f8715a318,0.6127576094497826,0
female,middle,0.6125947049587184,116,middle,6b51e16b-3abc-4122-b16f-13b56df46fc7,0.6125947049587184,0
male,middle,0.6125939179805007,268,middle,a220c806-cf26-4b38-95b4-c1547a82f6a8,0.6125939179805007,0
male,middle,0.6124234584985463,968,middle,f378e1d1-9117-4cb4-8664-a109111a3455,0.6124234584985463,0
male,middle,0.6121347948882931,616,middle,e3b12e0b-b766-4d6f-b184-9552e8f7ee40,0.6121347948882931,0
male,old,0.6087060881894087,615,old,3f26f64b-b86a-4d44-b5e7-5ad5a218d012,0.6087060881894087,2
male,middle,0.6075383699099823,687,middle,e1c42523-1c1e-4de6-8a6f-02dd5ec8d576,0.6075383699099823,0
male,old,0.605881938157363,65,old,6c62f0ea-3a54-4445-b239-7a7b65cc38a2,0.605881938157363,2
male,middle,0.6050552962374887,315,middle,33a5fb10-7dc2-405b-8c48-8009adf21984,0.6050552962374887,0
male,young,0.6045395107136068,677,young,48cbc08c-a729-4667-b5eb-9160fb678893,0.6045395107136068,1
male,middle,0.6043274987817578,822,middle,76cd1dd1-9dbc-4cbc-bf9d-56f658d9b64d,0.6043274987817578,0
male,old,0.6040756657520931,796,old,61c58352-7518-4834-bc94-1273da474024,0.6040756657520931,2
male,middle,0.5963003209611963,98,middle,1584d041-1e37-4b62-a172-dfbf5985c33e,0.5963003209611963,0
male,middle,0.5958465493208693,286,middle,b492a73e-1ed6-411a-bd70-865fc55b9961,0.5958465493208693,0
female,young,0.5955629223712094,333,young,17bba222-a7c2-4ba8-b70d-60b72d2eeec9,0.5955629223712094,1
male,middle,0.595504528587456,520,middle,6094365d-bc01-4ad2-b747-66a3aca6e8c2,0.595504528587456,0
male,middle,0.5954869002753795,46,middle,a1a35254-89b6-4861-bfba-8e223f5ec79f,0.5954869002753795,0
male,old,0.5939028705187888,54,old,674dc9a6-9b36-49c4-8af1-5f1ab3bfbce6,0.5939028705187888,2
male,old,0.5902084799736079,956,old,5c6195b5-eb94-44f0-bb39-49a4ac0bdf02,0.5902084799736079,2
female,old,0.5894806825178771,482,old,c564945b-f7a7-4eaf-8ed1-650c695dacf1,0.5894806825178771,2
female,middle,0.5890571308411098,870,middle,cb259ea8-50b6-43bc-bcf8-3eb210bd415d,0.5890571308411098,0
male,middle,0.5885942302534574,74,middle,fb8811d0-adb4-4fee-8e84-eb29ce200034,0.5885942302534574,0
male,old,0.5880804908729415,62,old,d5d01d00-c4cf-4c17-bc85-c1b786d06eaa,0.5880804908729415,2
male,middle,0.5878626553022815,676,middle,d4d9fc52-9047-4aeb-b40e-3115412f218e,0.5878626553022815,0
female,middle,0.586479619782492,73,middle,7f5afc40-b1fa-4112-9761-60d550e20f96,0.586479619782492,0
female,middle,0.5864498720058626,833,middle,520b9404-4ace-4289-bde1-bd1243561328,0.5864498720058626,0
male,middle,0.5863415838031069,719,middle,a4d7c7ba-ff19-4223-b92c-22788cdab9c9,0.5863415838031069,0
male,middle,0.5837809140783478,78,middle,92bafcd3-1273-45aa-8f05-c1b9e8de33f0,0.5837809140783478,0
male,middle,0.5815353504319566,106,middle,58d53aa8-620d-4737-bcf1-d4b87026521c,0.5815353504319566,0
male,middle,0.5794589871023715,659,middle,5615afb2-1ba2-45a0-83ed-53124fe53c91,0.5794589871023715,0
male,middle,0.5785292510359782,568,middle,36b761ca-8954-45e8-af49-22b7cf34f110,0.5785292510359782,0
male,middle,0.5778145174186612,716,middle,990e0e08-158e-4c59-8f92-a019dda154f5,0.5778145174186612,0
male,old,0.5775017722749463,814,old,0e9a815a-2032-4840-aad1-e47b943139d3,0.5775017722749463,2
male,old,0.57732722050626,227,old,3f624a6b-e898-4cb7-92a6-eeacd84b0bf5,0.57732722050626,2
male,old,0.5765301689673713,669,old,7c199534-92b6-493e-8f9a-09840ff51b1f,0.5765301689673713,2
female,middle,0.5759736179718122,912,middle,67aa057f-5f77-4a05-862d-a0325cc461d4,0.5759736179718122,0
male,middle,0.575639467020576,191,middle,4d4e9ddb-73ad-433f-863e-dfd107e70a5d,0.575639467020576,0
male,middle,0.5749100956084097,255,middle,c103c6a5-ed11-47ad-a73e-af05cd21f4c5,0.5749100956084097,0
male,middle,0.5732298971136157,371,middle,8a85e8c1-73eb-4720-9d2f-1dfa967fdcbe,0.5732298971136157,0
male,old,0.5698863414578866,980,old,f4b88f7b-9fde-4e2e-b4d9-c5c0239f5be7,0.5698863414578866,2
male,middle,0.5696886525296,145,middle,a1af4e86-8d84-49db-ba8f-5940e8527873,0.5696886525296,0
male,middle,0.5659342942442303,239,middle,e4155435-fb7d-41d5-86a7-5cb5513e6901,0.5659342942442303,0
male,middle,0.5657328278204984,164,middle,e71ec899-9666-4a0e-b439-d79df1d3dbaa,0.5657328278204984,0
male,young,0.5656006154799245,334,young,bb2907df-ef21-4755-8762-c935acb6afd9,0.5656006154799245,1
male,middle,0.5655275839013217,703,middle,52431feb-516a-461f-8eea-228309836777,0.5655275839013217,0
male,middle,0.5642462259672592,304,middle,2d5304f5-5f0d-47b7-9ef4-cef9cbca06d4,0.5642462259672592,0
male,middle,0.562796612090252,411,middle,0e917f99-8aa0-442a-8a93-3c9ffb4c884e,0.562796612090252,0
male,middle,0.5618885966226672,40,middle,aae73b35-b2bd-4d55-8e70-47e4a5005981,0.5618885966226672,0
female,middle,0.5604204100597223,121,middle,27a2f9d9-a85f-49df-a709-1e1856cb2c40,0.5604204100597223,0
male,middle,0.5592229440036668,426,middle,8acfcfc2-33b7-4457-99fb-6652708db26f,0.5592229440036668,0
male,middle,0.5588573139237224,273,middle,c005503d-a7ef-4377-acf7-a22cadb82834,0.5588573139237224,0
male,middle,0.5586349138793997,882,middle,bd46f0be-9a6d-46e6-8e3b-7a9f90924eb8,0.5586349138793997,0
female,old,0.558044365424836,487,old,7926d09f-c36b-46f5-b06a-c73001a732c6,0.558044365424836,2
male,middle,0.5567902369371059,262,middle,564d9a5e-7b79-4895-89db-1b0d25445b5b,0.5567902369371059,0
male,middle,0.5558375211067558,685,middle,e6bdb79a-a331-4229-9f2a-78e002244b06,0.5558375211067558,0
male,middle,0.5551331756019124,949,middle,92a5b2c5-0296-40d5-9d59-9feb1e364e3c,0.5551331756019124,0
male,young,0.5550475523718265,93,young,1fc0dfb3-9734-40d7-97da-54c47a441152,0.5550475523718265,1
male,old,0.5527911284260311,213,old,91d74f92-a9d5-4a7a-9310-eea0057d3b06,0.5527911284260311,2
male,middle,0.5525728206684405,639,middle,d185e4ab-996b-49db-90bb-e80e5513d537,0.5525728206684405,0
male,old,0.5519134903176496,928,old,5d602374-fb72-464c-93c7-47e9b232fad8,0.5519134903176496,2
male,middle,0.5510446663653066,19,middle,6d485fcc-1fc3-43e2-b001-0d30e5465c77,0.5510446663653066,0
male,middle,0.550721533109118,938,middle,abcceefb-4f99-4d6f-b9e2-f343a542fe9c,0.550721533109118,0
male,middle,0.5492251727259793,919,middle,f5f2d68c-a4e2-4a95-9017-99f3279bf878,0.5492251727259793,0
male,old,0.5487874554412933,87,old,a032db0b-5397-4e91-b4f5-e2a7a531d1d6,0.5487874554412933,2
male,middle,0.5476154874794914,671,middle,940e7822-b4d8-4d3e-bce9-4ac7ca3ea431,0.5476154874794914,0
male,middle,0.5474612397488218,780,middle,73337938-7abf-4afb-a564-db284c9d73c9,0.5474612397488218,0
male,middle,0.5470587790882889,890,middle,a1ff7895-8422-40ef-b6b1-d016a2a1c071,0.5470587790882889,0
male,middle,0.5468705338986146,408,middle,81ee0cce-379d-4c73-a0ba-cfaac4fded59,0.5468705338986146,0
female,young,0.5461842888927783,802,young,54f6f60e-718f-4dfc-b4ae-95a9e85ef95b,0.5461842888927783,1
male,middle,0.5440139603639995,563,middle,a1f097ec-fed9-41d9-b967-7ea76489c5bf,0.5440139603639995,0
male,middle,0.5433171698500461,959,middle,480146e1-da63-4c71-97e3-6236ae80f633,0.5433171698500461,0
male,middle,0.5431673291973956,794,middle,faaeff40-3697-43b5-8107-e9ee8fe427d4,0.5431673291973956,0
male,old,0.5410695600602888,560,old,8c7c4f39-d582-40b9-a3cc-c552924b62dc,0.5410695600602888,2
male,old,0.5409197194076384,838,old,266b346f-ed89-44e4-9405-2bb513747ed5,0.5409197194076384,2
female,middle,0.5400981141483574,705,middle,d8457ce5-806a-4c58-8c2c-937609c42c68,0.5400981141483574,0
male,old,0.5395283419187411,793,old,a75717b9-edf3-42d6-b675-de89e7446ebd,0.5395283419187411,2
male,middle,0.5391002257683112,160,middle,3cd41cb2-ce3e-42df-809c-6d31b47adf94,0.5391002257683112,0
male,middle,0.5383170250460539,343,middle,6a230baa-f0cf-4716-9b59-10024e622597,0.5383170250460539,0
male,old,0.5383082108900158,6,old,54c893ee-f1a0-4bdf-8a8f-08b5f8603a9c,0.5383082108900158,2
female,middle,0.5378158773170213,770,middle,c920bfce-eccd-4460-a297-b32838b94271,0.5378158773170213,0
male,middle,0.5367027753259035,198,middle,97aab91f-9fe3-49ec-b0c9-547198c9e2fa,0.5367027753259035,0
male,middle,0.5355640178448885,840,middle,6fab5dc3-d6e7-4102-a88b-83a2f90d17e1,0.5355640178448885,0
male,middle,0.5352774003780014,199,middle,d6a790f2-9958-45eb-a8b5-0677d0f35565,0.5352774003780014,0
male,middle,0.5347762526489688,453,middle,46348e48-e3ce-40e3-9cae-fcdd53191fae,0.5347762526489688,0
male,middle,0.5346951938925454,879,middle,26e828b6-56f5-492e-a2dc-d0c489b0d9c6,0.5346951938925454,0
female,old,0.5341258938498598,760,old,c2b09461-f5ff-48b0-93bd-eefcc9322455,0.5341258938498598,2
male,old,0.5335133100052004,839,old,884985eb-9dfb-495e-826d-2bb08401daf7,0.5335133100052004,2
male,old,0.53314563378189,326,old,50767279-b2b1-47fb-bdbd-154d28b11383,0.53314563378189,2
male,middle,0.532806918356991,567,middle,2b3860c0-767a-427e-96d2-8e6d28357bfc,0.532806918356991,0
male,old,0.531950686056131,978,old,449bc8ff-03d8-472f-a58b-f767972b0595,0.531950686056131,2
male,middle,0.530563715645253,772,middle,45667118-0ebb-4496-b033-3c2472fd52e1,0.530563715645253,0
male,old,0.5295104239986804,16,old,571f9a66-7922-4ba0-9681-958b959e229f,0.5295104239986804,2
male,middle,0.5289324671956,963,middle,f67dffa3-8935-457f-8d10-826920532466,0.5289324671956,0
male,old,0.5286541916978206,678,old,7b402418-bd90-4b81-861b-c9b0d194d896,0.5286541916978206,2
female,middle,0.5281920780883859,826,middle,e3e81155-81c4-418f-aa2c-0d27a544411b,0.5281920780883859,0
male,middle,0.5281020477802807,742,middle,6b293354-fc61-4cfc-b49c-d02741957e47,0.5281020477802807,0
male,middle,0.5269203212885792,652,middle,3a38427a-dce1-43f1-b82e-c30d1e437a70,0.5269203212885792,0
male,old,0.5252078566868595,773,old,991c8264-b133-413c-a975-569c3332ab7a,0.5252078566868595,2
male,middle,0.5234412479837619,786,middle,d3cef6b1-b0c7-4399-8c56-58d24cf4daf3,0.5234412479837619,0
male,middle,0.5233161184471471,880,middle,e7a72a78-6f02-4785-a31d-dba31cb86bdc,0.5233161184471471,0
male,young,0.5228149707181146,43,young,6277fa7a-14dd-4c88-ab49-1722ff128cc7,0.5228149707181146,1
male,old,0.5211193474502536,541,old,c120357d-cf86-4d0b-9efb-d8ce5fd17f77,0.5211193474502536,2
female,middle,0.5206144222257759,537,middle,b3351499-04bc-43ae-b9c9-fbda2c9ce5a5,0.5206144222257759,0
female,young,0.5197279699613563,410,young,8c63d321-d48e-45d0-aa07-9a3664350119,0.5197279699613563,1
male,old,0.5196895654243324,237,old,04ca9182-f3f8-48b5-8840-2a1fec2fd57c,0.5196895654243324,2
male,old,0.5191500131582758,781,old,f6efe751-2541-45d4-9fa3-d4dc2bc540f0,0.5191500131582758,2
male,middle,0.5190429841206684,169,middle,bea65115-666e-44aa-a7f6-48a468a00325,0.5190429841206684,0
male,middle,0.5178274175656057,571,middle,e98e90cc-84f6-4527-9b40-537498846b6a,0.5178274175656057,0
male,old,0.5165473187966915,844,old,e98a41ae-846d-48b3-8bcf-6f53f8ad7b35,0.5165473187966915,2
male,middle,0.5154372073228008,450,middle,a5b4311c-9bcc-4506-b020-8089cd07c9a3,0.5154372073228008,0
female,old,0.5151899387667989,83,old,2dd22bd9-75f0-49ce-9ae6-80ae4c3d883a,0.5151899387667989,2
male,old,0.5149330690765409,989,old,62997045-dce9-4884-a236-b0a45cd44b30,0.5149330690765409,2
female,middle,0.5139101547891718,753,middle,d41b0e20-83df-4cab-8aef-0068f68e65ef,0.5139101547891718,0
male,old,0.5134604754355767,712,old,ae247e0a-e585-4a0f-9faf-7d1048580c57,0.5134604754355767,2
male,middle,0.5126388701762957,668,middle,1442ba3a-ea7c-489e-b541-952934de6c03,0.5126388701762957,0
female,old,0.5119362560235313,261,old,450f232e-4dcc-4ff9-841b-bfbabd90e164,0.5119362560235313,2
male,old,0.5118078211784023,800,old,eee642a5-12f4-45d5-ba86-0f350abb942f,0.5118078211784023,2
male,middle,0.5090678778156508,100,middle,fb53c42b-0ea4-4dc8-b781-c19d80bae9e5,0.5090678778156508,0
male,old,0.5084301106680249,662,old,c32affc1-92ec-451e-9178-1ca001031de0,0.5084301106680249,2
female,old,0.5070985435236729,702,old,c60c75f9-d3f6-45ac-9239-5cc03b7a899c,0.5070985435236729,2
male,middle,0.5066918331807645,594,middle,064dc4eb-e098-40c8-8efd-57c7dab27308,0.5066918331807645,0
male,middle,0.5053520814629484,404,middle,83beee91-ab01-4e42-9f46-2b6981da1dda,0.5053520814629484,0
male,middle,0.5051853994764391,154,middle,f2670961-b29c-404a-9c0d-bd6c2abe7254,0.5051853994764391,0
female,middle,0.5051720208467383,437,middle,4dd9168a-c5b0-44d2-a2d3-b207049e0c81,0.5051720208467383,0
male,middle,0.5049793685790448,904,middle,cd13c8fe-6aa0-4112-bebc-399dec6d87f6,0.5049793685790448,0
female,middle,0.5041149517047208,319,middle,dcb3dbc6-6bb9-44fc-9b78-b5dec866d6df,0.5041149517047208,0
female,old,0.5039732956255344,955,old,feba532c-49fe-4e6c-9b2c-c6ec20441df8,0.5039732956255344,2
male,old,0.5032883097848465,13,old,bcb87bfb-6d9a-4d92-aa6b-8c59f756bd81,0.5032883097848465,2
female,old,0.5025095161406086,967,old,77764ceb-52ba-4cba-aab7-7560f9531d2e,0.5025095161406086,2
female,old,0.5015978805732224,186,old,e69e48d6-c34c-4d9b-a34e-70d6ab8b1afd,0.5015978805732224,2
male,middle,0.5003728702795472,776,middle,4654180e-ec69-4b18-abe4-e29057dd8582,0.5003728702795472,0
male,old,0.4998575569425959,522,old,54224d1b-1aa0-4406-9212-3cf33d2ec06e,0.4998575569425959,2
male,middle,0.49900714828054704,269,middle,b5ddf006-5751-4eea-af19-8177f41338cb,0.49900714828054704,0
male,young,0.49822835463630905,280,young,a594928f-6b52-42bb-b9cb-d515fd1e3269,0.49822835463630905,1
female,middle,0.4972090604487413,240,middle,9d518be1-b290-4ab6-877e-c0d21c5f3cb1,0.4972090604487413,0
male,middle,0.4966776927561489,818,middle,0ed3db61-4d0f-490f-9df7-169301fe6729,0.4966776927561489,0
male,middle,0.49524854031280185,977,middle,271cd4fd-617a-4f70-91ee-c292cedaf220,0.49524854031280185,0
male,middle,0.4947517996617882,825,middle,8a3de29f-a10a-4d74-98b9-cc41a2051696,0.4947517996617882,0
male,middle,0.4942508093283991,392,middle,681b9160-bbee-42ac-b58c-bb9df6dbbbfd,0.4942508093283991,0
female,middle,0.4941096254361434,592,middle,1d853e7b-e827-4a8a-af5b-ce9361982374,0.4941096254361434,0
female,young,0.4933605795685345,306,young,1ed65674-0818-4465-9fcb-c3f3abea6b46,0.4933605795685345,1
male,old,0.4929707105594849,798,old,be70aa55-8b05-4ef1-ab09-6567b88c4fec,0.4929707105594849,2
female,middle,0.49213006042733554,569,middle,aa19ca22-c0fc-420e-9a07-692a6ecbffc2,0.49213006042733554,0
male,middle,0.4904818132481802,829,middle,759ae034-d0a8-4741-9526-2f5164d32336,0.4904818132481802,0
male,middle,0.4880448564992439,900,middle,bd3b9d1d-f999-4dd7-b710-38afa72396be,0.4880448564992439,0
female,middle,0.4873455476549939,675,middle,3b34ea48-0b6e-4427-8f15-063f76b35383,0.4873455476549939,0
male,middle,0.4863953501549403,768,middle,c2de5a90-abed-4f0c-836c-4f6e4ca155b1,0.4863953501549403,0
male,middle,0.48638527683375377,272,middle,f8d1f8c4-f0e9-4f0f-b34a-6e29f07a8d3b,0.48638527683375377,0
female,middle,0.48588979534788845,790,middle,baf7f06a-8547-4bdc-a7f4-577074310414,0.48588979534788845,0
female,young,0.48527343400778417,58,young,29878ce5-2617-4a55-a8b3-c6b2e31d38dd,0.48527343400778417,1
male,middle,0.4842278547477452,99,middle,a48ae622-caff-42f1-9162-b6686f171f6f,0.4842278547477452,0
female,middle,0.4835853657308132,57,middle,5669b9af-bb15-4f12-9bae-ae399d239cc9,0.4835853657308132,0
male,middle,0.4827477061158911,202,middle,25c9c805-c78d-40d2-91ff-f7cc944f74c6,0.4827477061158911,0
male,middle,0.48172888411525394,361,middle,d65b8f5c-405b-4357-bc0e-c2b6bc590666,0.48172888411525394,0
female,old,0.4817200699592157,801,old,3413425f-070d-4aae-a61d-d6ba162e0ca3,0.4817200699592157,2
male,middle,0.48145060861747446,457,middle,44954745-ee5f-41b0-a74a-eb2de8059086,0.48145060861747446,0
male,middle,0.48027328920379214,867,middle,affcf2bc-f889-44e6-97c2-d67c1333ecdf,0.48027328920379214,0
male,middle,0.47825909715340537,36,middle,ec574996-2a44-4995-af55-d4bff2106538,0.47825909715340537,0
female,young,0.47743875105927264,332,young,65cd7586-9f68-41ef-8a51-3aeeccbab6bd,0.47743875105927264,1
male,old,0.4771606329571368,149,old,cb596b76-ba92-4f45-8fd4-fc8858d5fb18,0.4771606329571368,2
female,young,0.4748555737574873,1,young,4a3afb7b-1849-46f2-a5b8-3cff8f4d6231,0.4748555737574873,1
male,young,0.4744290315634928,101,young,e3324c40-ddc2-4d32-836d-b32f8615ba23,0.4744290315634928,1
female,middle,0.47400437811722074,285,middle,3b7a3533-87aa-4c1f-9eb9-4a68ab390d00,0.47400437811722074,0
male,old,0.47383454821784066,629,old,7693d519-c108-4b80-8b29-321efa68baab,0.47383454821784066,2
male,middle,0.4733587411874179,530,middle,b71c4808-3b9c-4f82-aca6-25efd810f312,0.4733587411874179,0
male,old,0.47268241210712475,179,old,b553e676-f946-4aae-937a-ec20e5798b7e,0.47268241210712475,2
male,middle,0.47264699808732813,5,middle,1b8af106-47e6-4586-b1c5-d0cbea315fc5,0.47264699808732813,0
male,middle,0.4711456010435961,498,middle,8054db6a-63fc-4f5f-9f87-4932e59b79a7,0.4711456010435961,0
male,young,0.47061879782466637,951,young,fb694be9-7e9b-44d4-a30b-3de0bf6a0e7b,0.47061879782466637,1
male,middle,0.4684956879889496,625,middle,514e8bfd-1e94-42f9-b2d1-a302a849deed,0.4684956879889496,0
female,middle,0.46809338472406026,424,middle,88a47c3a-f9ce-4445-99b0-03f99334c2d2,0.46809338472406026,0
male,middle,0.4680291673014958,452,middle,d03102c1-b92d-44f8-95bc-b9d794d0dd53,0.4680291673014958,0
female,old,0.46779370341875937,263,old,39c002a9-0baf-4256-9199-3e2e4b58ec4e,0.46779370341875937,2
male,middle,0.4669116582323588,699,middle,c4484dae-9a9f-4016-af99-ae90ac405055,0.4669116582323588,0
male,middle,0.46633385882492195,477,middle,ee2511b2-e60e-4844-9b2e-3629163f0d91,0.46633385882492195,0
male,middle,0.4659011782008293,580,middle,889d86ce-394e-42d1-98c9-18869d2ed803,0.4659011782008293,0
male,middle,0.4657077389549181,105,middle,506e677d-f0a8-43ed-be64-5a3a2ca29fee,0.4657077389549181,0
male,old,0.46528481686072504,891,old,a21aac2f-3d48-4503-b5a1-2eca3cfaf0cc,0.46528481686072504,2
female,middle,0.4634141696372472,295,middle,25c69a93-f5b6-4b23-8e33-36bdf150716a,0.4634141696372472,0
male,middle,0.46221937930713186,184,middle,0fa8cfc0-e919-45d3-bd10-aa4e5e992a71,0.46221937930713186,0
male,old,0.4601304243260634,994,old,5f52c351-0210-4e69-8462-c7c3dc23992f,0.4601304243260634,2
male,middle,0.4597193069051358,991,middle,64d79cda-036a-4a33-b7ae-aa7df72c70ee,0.4597193069051358,0
male,middle,0.4591629133052204,454,middle,ec775765-f62f-47be-80a0-010d048b6976,0.4591629133052204,0
male,old,0.4590343210644479,61,old,b6649705-3c0a-4350-8ff8-4d0d26dde474,0.4590343210644479,2
male,old,0.458867481682295,356,old,ed64c2b4-7487-4813-a92f-149998208ed6,0.458867481682295,2
male,old,0.45867042233658245,283,old,9f019a3b-f12a-437f-809c-081ea79ed2be,0.45867042233658245,2
male,middle,0.45777137842067955,479,middle,d9a99e09-ff51-4b38-a10c-26ee579d3059,0.45777137842067955,0
female,young,0.4576163437117922,736,young,7b5b12cf-5b51-49c0-ac9c-23c828bbf7e6,0.4576163437117922,1
male,old,0.45704798804296776,589,old,1047a80f-b790-4ba3-80fb-69f15f17391a,0.45704798804296776,2
male,middle,0.45676089838915007,710,middle,162e7852-87a5-4996-bc8f-2e1f953ed41e,0.45676089838915007,0
female,middle,0.4565536083266073,444,middle,d5f7074e-35a1-4856-b2f3-10639665d6d2,0.4565536083266073,0
male,middle,0.4562089118672538,469,middle,c4d345f0-9ed8-497d-a39c-889c54e371a0,0.4562089118672538,0
male,middle,0.45572539245029764,112,middle,0ac550fb-9638-460f-9854-f3e5806a596b,0.45572539245029764,0
male,middle,0.4549658010745715,983,middle,2e4428c9-7953-42fa-b620-424a67bea781,0.4549658010745715,0
female,old,0.4546291317930386,584,old,15d68f9b-1043-4740-9d3a-e59adb9e8c4c,0.4546291317930386,2
male,middle,0.454132391142025,641,middle,85c19099-0cb8-4e46-a921-742f0961be7b,0.454132391142025,0
male,middle,0.45396114468185306,609,middle,286651f5-42a8-42eb-b1d9-3f199645531b,0.45396114468185306,0
female,middle,0.4529108435525079,70,middle,2fe824d8-8b49-407c-8b5f-2bd0f0f2922e,0.4529108435525079,0
male,middle,0.45265019636680487,431,middle,3600b58b-7f99-4d6e-aa3e-cee2bba33ebc,0.45265019636680487,0
male,old,0.4520988394274828,81,old,85666481-dfb6-4bbe-a24b-81bed49fd031,0.4520988394274828,2
female,middle,0.451455248641046,771,middle,cbb534bd-0bc2-418b-9d20-157a40c2793d,0.451455248641046,0
male,middle,0.4507376819021453,688,middle,718ad504-4316-4965-aea1-07a797a5a7d0,0.4507376819021453,0
male,middle,0.4505947666578106,109,middle,fc76d283-f469-4f51-aa8d-c8b839755eaa,0.4505947666578106,0
male,middle,0.4503907819037822,206,middle,ee50dcf7-e942-4fae-a6d9-d751e0f0bed9,0.4503907819037822,0
male,middle,0.4503693760962607,490,middle,822668b0-3af1-4eee-8fe2-1248afae4f77,0.4503693760962607,0
male,middle,0.44929908572018584,440,middle,8eb1f7a6-cdd1-47d7-b5f7-062712f19c99,0.44929908572018584,0
male,middle,0.4491007672093249,913,middle,4ed77ce1-0976-48ca-a8ba-2567587b196f,0.4491007672093249,0
male,old,0.4470829550591367,84,old,031ffa6b-2d88-44a3-b764-a13f45ff910c,0.4470829550591367,2
female,middle,0.4469600290615317,113,middle,85dd57fe-c2a8-40ab-a25f-ce7a62a94acd,0.4469600290615317,0
male,middle,0.4464691120493291,170,middle,74b868b9-3e26-4e21-ba61-fca687c05e9d,0.4464691120493291,0
male,old,0.44547185325185695,231,old,c724bb95-57e6-4e4a-9b35-4172e14d3d9c,0.44547185325185695,2
male,middle,0.4449323009858004,114,middle,7adeb356-73ca-49f0-a077-dca577512028,0.4449323009858004,0
male,old,0.44439715579776295,769,old,cb152d72-caac-4673-a42d-e60d7e964549,0.44439715579776295,2
male,middle,0.4433010525361475,265,middle,c74608cc-3dac-4d17-8d19-9a9b23011dd9,0.4433010525361475,0
male,middle,0.4428944995888826,884,middle,09f03908-297a-4740-9ac9-1858410fe144,0.4428944995888826,0
male,middle,0.4425734124760602,851,middle,7d4195f9-a747-4d20-89d3-26467d25e758,0.4425734124760602,0
male,old,0.4422565750456133,754,old,d6f16ed4-7393-473f-b422-33afc6eb5be3,0.4422565750456133,2
female,young,0.44187961247933394,359,young,a75b5d83-42c2-4e3d-a6d5-8241dff3d7c6,0.44187961247933394,1
male,old,0.44163580662748986,75,old,173923b7-4d88-4d1c-bd3f-21041f3c3a91,0.44163580662748986,2
female,middle,0.44107500594955534,168,middle,42263dde-e402-42db-8298-ad9e336e6da0,0.44107500594955534,0
male,middle,0.44097222659432345,204,middle,6a12d028-9d72-4777-892d-86cc20ac2f62,0.44097222659432345,0
female,old,0.43945241426029713,448,old,418e3d75-c961-4c5c-8859-ae28b0885330,0.43945241426029713,2
male,old,0.4391313271474747,91,old,70207f32-ef49-4587-abdd-bad94363b3da,0.4391313271474747,2
male,old,0.4387888342271307,635,old,bb91d981-6d0c-4528-abdc-0891eec55349,0.4387888342271307,2
female,old,0.4379053724799384,815,old,8d56b5b2-321b-4881-b483-d8c583369b39,0.4379053724799384,2
male,old,0.4371833986630185,94,old,df24bc75-1bc4-4a30-a7f8-9476d7bb5d65,0.4371833986630185,2
male,old,0.4360274850568576,33,old,5a1c8b5d-c6b5-43c9-b73b-3e7f60cb1147,0.4360274850568576,2
male,old,0.43598467344181463,277,old,93164a64-4246-4abc-a0e7-433df4947f35,0.43598467344181463,2
male,old,0.43583483278916413,544,old,4209aaa9-310a-4c3a-ac96-29c2db54c7ff,0.43583483278916413,2
female,middle,0.4355137456763417,135,middle,25088820-8003-4f06-8cdb-1547eee5e00f,0.4355137456763417,0
male,old,0.43514984694847625,398,old,93e7807a-cb88-4142-a449-95256fd751de,0.43514984694847625,2
male,middle,0.43369425203701445,765,middle,ec28e3aa-8d8b-4afb-b6fa-503f90b785b1,0.43369425203701445,0
male,middle,0.4320845667905266,558,middle,70b74ddd-ab23-4751-a82a-53878af154ab,0.4320845667905266,0
male,middle,0.43125194383619775,622,middle,0e7fb591-f2be-47a2-9232-65345b70f9c7,0.43125194383619775,0
male,middle,0.4312283344896667,158,middle,b5180190-dabb-489b-8d8e-766e19319f9b,0.4312283344896667,0
female,young,0.4307145951091507,523,young,818984fc-82d3-4140-8ac4-8edba7387d3b,0.4307145951091507,1
male,middle,0.43009351189974027,789,middle,1004a26f-a3c7-41f6-8da1-b733f366797a,0.43009351189974027,0
male,middle,0.4298626124906665,803,middle,b7bc85d9-ccaa-4c40-a52a-19a99fad163d,0.4298626124906665,0
female,middle,0.42912206598780883,945,middle,fa470196-265e-4e2e-9541-55347b8a6fd2,0.42912206598780883,0
male,old,0.4288779453446776,807,old,5499e982-9635-41d9-ab61-8922925f2e2a,0.4288779453446776,2
male,middle,0.4279789014287747,656,middle,33f046fd-6a5e-4678-bf3a-7f3dd108f7bc,0.4279789014287747,0
male,middle,0.42754496163953376,7,middle,4752a522-8a58-4420-b5cf-96b499bf3bcc,0.42754496163953376,0
male,middle,0.4262392073807224,131,middle,cd0e9f6d-f5dc-43ab-abc9-455e073acf50,0.4262392073807224,0
male,middle,0.4261808135969689,997,middle,d0204129-1d5e-40d7-b196-c28c16dd87cb,0.4261808135969689,0
female,middle,0.42603097294431846,92,middle,6b9e78db-4024-45ec-b558-12e2c7d760da,0.42603097294431846,0
male,middle,0.4251105232208941,463,middle,8e5fae46-71dd-4a25-9220-d61eaf3938f3,0.4251105232208941,0
male,middle,0.4250777849270377,297,middle,f3b0fca8-7e72-4fa0-b552-466681b8841c,0.4250777849270377,0
female,middle,0.42472317254214115,667,middle,767583ae-6cb9-4fcd-89df-24400592b332,0.42472317254214115,0
male,middle,0.4243613199576417,443,middle,293c8104-6350-4b48-8ba9-ef79d9560823,0.4243613199576417,0
male,old,0.4243185083425987,246,old,5a4a5f2c-d623-4433-88e8-2941f82b3979,0.4243185083425987,2
male,old,0.42414726188242674,849,old,7b45f56c-6e06-45b3-b201-88ce28b0393d,0.42414726188242674,2
female,old,0.4240717119735274,611,old,2b006e62-e866-4cf1-bdff-0892028d2804,0.4240717119735274,2
male,middle,0.4239975786254198,845,middle,7eca51d2-1d43-4566-a5ed-e732fc11a562,0.4239975786254198,0
female,middle,0.4239376108852309,195,middle,6d67c727-ca45-443a-9c7b-9f2b33517da9,0.4239376108852309,0
male,middle,0.4238790597058339,264,middle,838dcfed-f40a-4e45-af57-0d736a547b89,0.4238790597058339,0
male,middle,0.4237619573470398,759,middle,9966d165-491a-4573-8495-ead21aa5748b,0.4237619573470398,0
female,young,0.4229271308537014,869,young,b9fefef4-026f-4892-a779-27696edab153,0.4229271308537014,1
male,old,0.4221993333979705,90,old,2c798084-b789-45c3-9fa6-45a95eed5a5e,0.4221993333979705,2
male,middle,0.42014437587590675,933,middle,781e19f1-7176-4093-a0bd-1ef9315e4e73,0.42014437587590675,0
male,young,0.41991331907118945,428,young,2abd4b27-1aa1-4e66-b046-f10ef767d3cd,0.41991331907118945,1
male,young,0.41943814162334087,906,young,5e5b9d5a-dd05-4ed3-9de3-030c599dcc9f,0.41943814162334087,1
male,old,0.419378173883152,156,old,b4d84b54-c45a-4481-b3a6-f7d29def1948,0.419378173883152,2
female,middle,0.4184363183522062,445,middle,01a324ea-b625-43d3-940c-7f4698ed255e,0.4184363183522062,0
male,middle,0.41834203836172545,322,middle,16022716-0c7b-4b9c-a1b1-b5f44790bc6c,0.41834203836172545,0
female,middle,0.41762289766638927,708,middle,774bd8e7-a36e-4326-8d1c-6d19046e816c,0.41762289766638927,0
male,middle,0.4175034343729421,107,middle,e06eb2c5-dfe0-45f9-8e74-4bb396b48dde,0.4175034343729421,0
male,middle,0.4170620969884547,620,middle,136da359-e220-4172-acd4-378a19d97d9b,0.4170620969884547,0
male,middle,0.4165225447223982,886,middle,845e6671-d1e1-48cf-861f-a2a2567397b3,0.4165225447223982,0
male,middle,0.4165097956752714,957,middle,77c3dd91-d77f-48d9-98c0-95f14681aec2,0.4165097956752714,0
male,middle,0.4162271130994728,157,middle,971e350d-23da-41d6-82c9-fa155693245a,0.4162271130994728,0
male,middle,0.4161244911398845,349,middle,39d8ac4f-1431-45f6-9a32-09aa108053f4,0.4161244911398845,0
female,middle,0.4159275891898154,341,middle,d8a04df5-055c-4a86-b7c4-96aa4a432f3b,0.4159275891898154,0
male,old,0.41591043306466946,502,old,050e3898-9308-40cb-b282-2a67879ca0cb,0.41591043306466946,2
male,middle,0.4149685775337236,574,middle,e8e51cf6-b13f-4702-9c3e-717783eb39ac,0.4149685775337236,0
male,old,0.41424644632116014,123,old,d956eb31-e328-47c4-8509-45bb8b655d55,0.41424644632116014,2
male,old,0.4130905327149993,354,old,3ae51024-1037-40db-889b-fa4722862036,0.4130905327149993,2
male,old,0.41277873194514575,813,old,e0283b31-559e-4f5d-9086-53ad81c49aaf,0.41277873194514575,2
male,middle,0.41210460640386215,551,middle,160d8a2f-a445-46c8-9cce-a84aaf5deccb,0.41210460640386215,0
male,middle,0.41189054832864713,960,middle,175c6b22-6e0e-4e3d-ba59-8309d2c15340,0.41189054832864713,0
male,old,0.411843329635585,200,old,61916561-4e19-4f15-82b9-f35793945735,0.411843329635585,2
male,middle,0.41169647950016186,136,middle,98522118-9eb3-43b3-8453-ffb0698a7283,0.41169647950016186,0
male,old,0.4110028368990792,72,old,36f01c35-ce94-4b43-aa77-e10d8492f5f6,0.4110028368990792,2
male,middle,0.4087736423996162,764,middle,de826188-8eb8-4492-b859-b8103171de7e,0.4087736423996162,0
male,old,0.4087468851402144,881,old,f1aeb7e8-d504-490e-8213-402866ddf9fc,0.4087468851402144,2
male,middle,0.4062691629196011,654,middle,c28810dc-2348-43ef-9def-7529cf0256b3,0.4062691629196011,0
male,middle,0.4058196409616497,740,middle,1ed262b8-1072-497a-8e5f-a34dfb0cc563,0.4058196409616497,0
male,middle,0.4056614583398915,110,middle,0a6d24eb-de24-49e4-844e-859c993a7c95,0.4056614583398915,0
male,middle,0.4049420028532682,694,middle,9b4192a3-9fa4-4c9e-bf60-60ae1ea8d04f,0.4049420028532682,0
male,middle,0.4041373963234896,366,middle,546ccecd-c4aa-4305-8b45-6e65d2efed4f,0.4041373963234896,0
male,middle,0.404060902040729,274,middle,239faee9-8c13-44ea-a216-125b71c65c9c,0.404060902040729,0
male,young,0.40399857336588696,152,young,135735fd-c528-4f47-9268-af85eaefd3e0,0.40399857336588696,1
male,middle,0.40345666016517734,150,middle,35294dd2-93a4-4e32-a76e-532e85db2e88,0.40345666016517734,0
male,old,0.4033924427426128,871,old,883aa150-22e8-4491-a6d7-2ccc0ff59d4e,0.4033924427426128,2
male,middle,0.403079697598898,406,middle,af36250b-87e8-4658-a265-b51a1266b6dc,0.403079697598898,0
male,middle,0.40297109460485514,893,middle,680b0dd2-0175-4c4f-9665-65d672019119,0.40297109460485514,0
male,middle,0.4029643265921829,499,middle,2b4a605a-a060-4223-814b-2818b2c6064c,0.4029643265921829,0
male,old,0.40173412224227095,823,old,7af1a792-389b-4f70-91f5-0718dac8e02e,0.40173412224227095,2
male,middle,0.40039562968960324,518,middle,3c91189b-5ef9-4601-8e60-402d38b645ae,0.40039562968960324,0
female,middle,0.40028860065199573,711,middle,2bbb39e8-713d-4912-9d78-ebc6847eacab,0.40028860065199573,0
male,old,0.39966783223387237,0,old,2abb456b-5d54-4601-8974-f46456f4371a,0.39966783223387237,2
male,middle,0.39966578609050635,628,middle,5941e479-0861-4486-9e48-561afd39943a,0.39966578609050635,0
male,middle,0.39946211612776494,984,middle,9ce6ca00-dbd3-4dd3-a666-fb48469b24f0,0.39946211612776494,0
male,middle,0.39847477325583597,377,middle,58d57c53-3e16-4e1a-be56-ad7e81b3456e,0.39847477325583597,0
female,middle,0.3984390444447523,418,middle,0e27a960-3575-4116-a7a2-dcfac3017aa6,0.3984390444447523,0
male,middle,0.3977974998016815,738,middle,ff93c361-e52b-4bfe-8780-433490ce03a2,0.3977974998016815,0
male,middle,0.3976470295664569,299,middle,56501aae-8118-47f5-8a50-59efa2aa23a1,0.3976470295664569,0
male,middle,0.3975058456742011,329,middle,924b3605-20aa-4b7d-ab63-68f23d5320c1,0.3975058456742011,0
female,middle,0.39683801595865914,777,middle,2a58c757-263b-47ea-ade0-b74acf8bcfc4,0.39683801595865914,0
male,old,0.3959916995833423,71,old,67538ab7-1c93-4089-ac2c-646f7dedb399,0.3959916995833423,2
male,middle,0.39567328819646,643,middle,47089183-c2a3-4f9a-85d5-ca1fb7d24a4a,0.39567328819646,0
female,middle,0.3953736068911591,602,middle,95b6a61a-b197-4427-b469-ed2c25a8f3ae,0.3953736068911591,0
male,young,0.39518756524049425,194,young,b150f3c2-7b48-4dd9-b6f5-c0fbcbdf9881,0.39518756524049425,1
male,middle,0.3937880031781329,148,middle,56a9f1ec-86f2-49ec-9f0f-38b3cec480fe,0.3937880031781329,0
female,middle,0.3930534377097297,146,middle,b436d3cc-e05d-4f5b-827c-d414860e4c05,0.3930534377097297,0
female,middle,0.3921531346286785,953,middle,93a03766-42f1-44ac-bcc5-f629a4a159cc,0.3921531346286785,0
male,old,0.39028201521827005,808,old,d7dea5df-ffeb-4b00-8997-83bd65246c97,0.39028201521827005,2
male,middle,0.3899793433957418,497,middle,32847b2e-d6ec-4288-9ec7-680c52702e95,0.3899793433957418,0
male,middle,0.3896285085062902,519,middle,ac81ad8f-68ff-4146-abb6-c4058b831bed,0.3896285085062902,0
male,old,0.3894227924001829,843,old,6896a954-daf3-44af-8400-02ed842b633e,0.3894227924001829,2
female,young,0.38929435755505387,565,young,917d380a-8f4a-4e8a-97bf-ed6df12410f0,0.38929435755505387,1
male,middle,0.38927295174753235,547,middle,4280826d-9f83-46fc-8f93-0233f9a5112e,0.38927295174753235,0
male,young,0.3891445169024034,561,young,1d66e0b2-63e3-4f7f-804e-987da76db8c5,0.3891445169024034,1
female,middle,0.388694994944452,327,middle,453e3700-e0b4-4b24-ae82-3cf1e009906c,0.388694994944452,0
male,middle,0.3881968377326465,287,middle,bd192f57-7d92-4881-aa5b-4b422957ef9f,0.3881968377326465,0
male,middle,0.3881686639124528,216,middle,126bd5dc-268f-4ad4-b916-2a7de0ebc4a0,0.3881686639124528,0
female,young,0.38691831292016765,596,young,f7a4b968-3163-43a4-9820-9934d4a7ef07,0.38691831292016765,1
male,middle,0.3864565141020201,180,middle,e43a40dc-1ad9-401a-ba92-c770d0a8df2a,0.3864565141020201,0
female,middle,0.38596386573773855,369,middle,7de1b189-1539-44fc-a1b1-1a461308cd3b,0.38596386573773855,0
male,middle,0.3856339644688779,872,middle,6cc0dac1-6be7-48d7-a92a-6a8922f50de9,0.3856339644688779,0
female,middle,0.3855055296237489,636,middle,0da5f4f0-3412-4534-858d-1dd3981527a8,0.3855055296237489,0
male,middle,0.38482054378306096,302,middle,5edd35b7-ddb0-48fc-bea5-df0dda040c7b,0.38482054378306096,0
male,middle,0.38411415213485156,533,middle,117fe4df-abb2-49a0-91f4-bfedf868a5e4,0.38411415213485156,0
female,old,0.38380612886044296,750,old,dc1a1ab4-f375-408b-a2df-0c61eae0d8fe,0.38380612886044296,2
male,old,0.38380502709093817,77,old,a28cb03b-c091-4d3c-b98f-215a857cb515,0.38380502709093817,2
male,middle,0.3837633172454,26,middle,e5063ee0-19ad-47c3-ab77-fa1723d5fcb2,0.3837633172454,0
female,middle,0.38355760113929266,755,middle,597c005f-63c8-4aa2-af94-13d3edf07b06,0.38355760113929266,0
male,middle,0.38297964433621223,245,middle,71896c0a-4008-4e24-bb0b-01ba09df6cdd,0.38297964433621223,0
male,middle,0.3827319035932796,291,middle,2584d208-deaa-43f7-a9c8-849d91d1a867,0.3827319035932796,0
male,middle,0.38252178040915313,493,middle,97993778-e6fe-4f4c-a76d-7ad9b78d50c7,0.38252178040915313,0
male,old,0.38187960618350825,177,old,ff90adf6-1c7d-4d88-b1dd-7668e1c3c7bd,0.38187960618350825,2
male,middle,0.3811261532378803,598,middle,689b0daf-47b8-4db9-acc9-c5ec553cbebd,0.3811261532378803,0
male,middle,0.38051671730609177,380,middle,fc9fc099-7fa6-45e1-91d5-e5d51d2fa7ef,0.38051671730609177,0
male,middle,0.37912502502590734,511,middle,13536fe6-f6b8-4c74-927e-ffd97b52240f,0.37912502502590734,0
male,middle,0.3787072969879511,270,middle,3dfdff4e-eb11-46a9-85d2-49dd44b39a62,0.3787072969879511,0
male,middle,0.3763224381970266,648,middle,2bbc357a-dfb4-4212-a02b-f292e8ab3883,0.3763224381970266,0
male,middle,0.37593713366163967,942,middle,6d3c2bd8-13b7-467b-aeeb-b380cadbebda,0.37593713366163967,0
male,middle,0.37494018965545467,496,middle,fea76a1e-bf3b-4c9e-bc96-b7fe5fcd93a6,0.37494018965545467,0
male,middle,0.3743515299486135,357,middle,e210363b-86d6-4f67-8fbd-a4e86b59c2ae,0.3743515299486135,0
male,middle,0.3741802834884415,181,middle,8e32ff52-d734-4290-8296-1d4fedb0ac9f,0.3741802834884415,0
female,middle,0.37415887768092004,910,middle,b46348dd-bb7f-4e82-bf5f-6307ceb5811d,0.37415887768092004,0
male,middle,0.3729447276866492,423,middle,d114e97a-8a7b-4f3e-a90f-b36e89791ed7,0.3729447276866492,0
female,young,0.372760889574994,420,young,0a1ae1f9-8c9c-4ffd-8dbb-a9c84f9db658,0.372760889574994,1
female,middle,0.37207275582143534,382,middle,91f6c61f-7d8d-4811-b158-a8abc74db2ee,0.37207275582143534,0
male,middle,0.3698666984815728,88,middle,96064baf-65f8-4b0b-87f1-76bb2b8424ba,0.3698666984815728,0
male,young,0.3698002775199987,998,young,780ba3e8-79e6-4d64-92ad-ab3aa77c1a34,0.3698002775199987,1
male,middle,0.36940017779411893,749,middle,45a3ef1c-9ed2-49cd-a015-fcb2d6c35f4f,0.36940017779411893,0
male,middle,0.36893586064567474,230,middle,1f1cb0d1-42af-42c8-95ac-ee9b671f389b,0.36893586064567474,0
male,middle,0.36841834376971383,971,middle,19add6f6-d38d-4624-a946-c8a6649ea95c,0.36841834376971383,0
female,young,0.3642413781814382,575,young,613e9bfc-88d2-4f39-811c-ff3e7b3214a6,0.3642413781814382,1
male,middle,0.36346636203264515,464,middle,9dacf982-2e53-4a62-95e6-caadb6ca6094,0.36346636203264515,0
male,young,0.3631666807273442,992,young,2958a380-c272-4672-941b-52c10c669688,0.3631666807273442,1
male,middle,0.3629570297301484,138,middle,28d12c7c-34ea-44ae-a9fa-606053bc7078,0.3629570297301484,0
male,young,0.3625783358117901,217,young,99238db1-57ae-4f82-ae0b-d59757612d17,0.3625783358117901,1
male,middle,0.36207939162176694,512,middle,026d92bd-38f7-4b18-8617-167b5e0547e3,0.36207939162176694,0
male,middle,0.3619679555061403,644,middle,8070e7ab-ffba-44a3-964b-b60b8ca3df81,0.3619679555061403,0
female,young,0.3604267373645925,614,young,5795b1b1-7d0d-47d3-877f-35f1a94ab8a7,0.3604267373645925,1
female,middle,0.3602451027919469,301,middle,6c3d7152-5fd4-4f9e-9b48-1b028d8bea9e,0.3602451027919469,0
male,middle,0.3582543626924477,907,middle,885577c1-5486-4d10-8e28-4533ef8b0ce0,0.3582543626924477,0
female,young,0.3571677031694445,417,young,f555a10a-72c2-4566-b44f-ecc67a9acdd6,0.3571677031694445,1
male,old,0.356623743825369,939,old,837a5bc2-29f6-4c18-9bc1-88feb9642ae6,0.356623743825369,2
male,middle,0.35630643420799146,460,middle,a1e7a523-1d64-4740-8b70-73f8c8745409,0.35630643420799146,0
female,young,0.3532926224254795,118,young,98d09141-71d7-4086-88c3-c8447d722dd7,0.3532926224254795,1
male,old,0.3528793014655423,8,old,bd59e859-c75f-40b9-9dcd-94aba1008fc8,0.3528793014655423,2
male,old,0.3526564292342891,282,old,593bc087-d298-4b1e-a31e-8317efcb4e39,0.3526564292342891,2
male,middle,0.35259221181172457,853,middle,c1da70bc-b765-4300-91d4-619c12baf5ec,0.35259221181172457,0
male,middle,0.35237846852779675,645,middle,145ce960-691d-41bf-832a-ed6f317ffb92,0.35237846852779675,0
female,middle,0.3513550820534969,898,middle,b5caa398-bfff-4d65-9325-8d143b33323d,0.3513550820534969,0
male,young,0.3509719810571195,476,young,4bfd2d19-238a-472a-837a-dbecd18da010,0.3509719810571195,1
male,young,0.3507585525644787,208,young,b73305d5-11be-48d4-b8a2-798be2e21113,0.3507585525644787,1
male,middle,0.35050734911738823,986,middle,8d40e886-1de7-4850-9c65-2c29cd429e9a,0.35050734911738823,0
female,middle,0.3505054603696658,603,middle,a81c9dd5-8c62-4c5d-829e-95acb3506f90,0.3505054603696658,0
female,middle,0.3501179522952692,576,middle,effffabe-4b42-4b55-8dd1-61cb878c208a,0.3501179522952692,0
male,middle,0.34472589233886153,370,middle,6b44dc93-8b62-4b15-b5a6-6fd92cbc54c4,0.34472589233886153,0
male,middle,0.34259412574275006,646,middle,2d4622d4-7a12-405e-94e2-7b0961cf73e0,0.34259412574275006,0
female,young,0.34242854552574553,11,young,c93b0b60-b87d-49a5-8f69-3bb2539b6819,0.34242854552574553,1
male,middle,0.34108265537783145,310,middle,fabef6d0-ac4c-4e8f-ae10-bad4fecaa659,0.34108265537783145,0
male,middle,0.33804507685314483,119,middle,7a8ceaa8-73c9-4c5d-865f-594fe6c76605,0.33804507685314483,0
male,middle,0.33725180280970113,325,middle,6e74d554-bb83-44ae-a6f9-1416caee5992,0.33725180280970113,0
female,middle,0.3361081660637364,739,middle,a386303e-a51f-476c-9aad-0e8f93ca80a4,0.3361081660637364,0
female,old,0.3359923228700907,607,old,fa6c9dad-4641-4dca-9640-a3753fed9673,0.3359923228700907,2
male,middle,0.3359369196035645,384,middle,88f46f51-d5c2-4a23-95cc-a38feeba5b04,0.3359369196035645,0
female,middle,0.3348452234199681,658,middle,16496301-7501-4751-b372-2eb3095a9b66,0.3348452234199681,0
male,middle,0.33475078603384384,225,middle,8d07d5c9-f3de-4a15-a3ef-87c89d55cd04,0.33475078603384384,0
male,middle,0.3346412386659397,35,middle,4c7621ef-471b-4157-8ad8-c434c9de97b2,0.3346412386659397,0
male,middle,0.33440451561805495,860,middle,a365eb85-944d-467a-83b5-1f35d1b2c2be,0.33440451561805495,0
female,young,0.3341193147119597,517,young,3f5c4b15-0cb8-44ac-a8db-2df7422ea220,0.3341193147119597,1
male,middle,0.33322877016080804,232,middle,feb96abf-b9a7-4fb1-a5c1-42564e0068b5,0.33322877016080804,0
male,old,0.3322655088223406,2,old,657ddb4b-4e53-42ca-99f1-786f8d9f4d9d,0.3322655088223406,2
female,middle,0.3320292579613865,381,middle,0596ebbc-65b6-48da-bcf7-45fa360ec826,0.3320292579613865,0
male,middle,0.3315761159036336,162,middle,cf0eb308-066b-46b3-b388-f12ec9a0a66a,0.3315761159036336,0
female,old,0.33046742099053483,96,old,fa4141f2-ca53-4f55-a080-ab15e84008ea,0.33046742099053483,2
male,middle,0.3302533629153199,923,middle,5f7a38cd-d34c-45ec-b20a-64b47ae5f97f,0.3302533629153199,0
female,middle,0.33006291418663597,69,middle,a5595a9c-32cc-45f1-b4e4-67586a54b3db,0.33006291418663597,0
male,middle,0.32958773673878744,981,middle,25e3017d-214b-4c23-91c8-5084a5c17136,0.32958773673878744,0
male,middle,0.3294185364219815,178,middle,2eabc343-da71-49e2-a7bf-293fe78850e7,0.3294185364219815,0
male,old,0.32907824704064714,397,old,c7c9b564-89f7-4aa0-b6aa-e163a5c0b8e5,0.32907824704064714,2
male,middle,0.3281326140142563,311,middle,0419558e-1c08-4198-84ec-1f5857d2b103,0.3281326140142563,0
male,middle,0.3280935798946583,528,middle,24b068b6-91c5-4d2f-8ea9-5d64ee306120,0.3280935798946583,0
male,middle,0.3270535094821432,996,middle,ea0bac02-3e0c-404d-8bcd-831d421805fa,0.3270535094821432,0
female,middle,0.3251115620321414,483,middle,9d9b05c9-e037-4f21-8b87-a70635189130,0.3251115620321414,0
female,middle,0.3245594181146017,995,middle,83088f21-9a9a-421f-aadd-5f9996d2a724,0.3245594181146017,0
female,middle,0.32147698183150614,897,middle,de379d02-3127-421b-a663-94a8311786d8,0.32147698183150614,0
male,old,0.3211590426315544,430,old,d23bebd1-d5d9-4f07-9bfb-2dcf88511158,0.3211590426315544,2
female,middle,0.32082001241536834,468,middle,81cb240c-dc72-4d8e-a3a9-4a2f715e8af7,0.32082001241536834,0
male,old,0.32056377230768457,846,old,21e08a0c-3202-43b7-8fbd-8c9d8092a3a1,0.32056377230768457,2
male,middle,0.3204066914554312,365,middle,da4b00e7-0846-4849-9ff2-b5ad8be706cc,0.3204066914554312,0
male,middle,0.3200217017113314,17,middle,4e45e04c-9766-4a24-82c2-aeb7b7e86269,0.3200217017113314,0
male,middle,0.31932601296688273,666,middle,fd5dabf0-6ca7-41d0-b891-9c606f8ae746,0.31932601296688273,0
male,middle,0.3188009411000319,958,middle,7b4a5fba-579c-4284-ab8c-b258f4a9ce58,0.3188009411000319,0
female,young,0.31814869355320036,618,young,19709001-9a69-4821-b71a-01df14da56bf,0.31814869355320036,1
male,middle,0.3178808061678946,207,middle,e16d4609-11b4-43f9-b465-b07f03bb9cdf,0.3178808061678946,0
male,middle,0.31775457486177516,68,middle,81c5a6a4-09ed-473f-9fd2-521b63734869,0.31775457486177516,0
male,old,0.3176453422851581,209,old,e40d1017-0eaa-4352-8f38-6b2f27dcf1b8,0.3176453422851581,2
female,middle,0.31740987840242163,271,middle,ab4dd27c-714f-4820-ad07-325aa7849a51,0.31740987840242163,0
male,middle,0.31676770417677674,566,middle,d0c74439-8b64-45cf-a095-9212a6c49590,0.31676770417677674,0
female,young,0.31489689955765526,59,young,157197e3-58af-4ddd-ad5d-4c6d37825d06,0.31489689955765526,1
male,old,0.3144114913929767,4,old,48233833-f2f3-4255-9961-f1779aaf9f58,0.3144114913929767,2
female,middle,0.3139824308686855,734,middle,2279fd89-44e7-41d8-9be4-85a5b3e87f0b,0.3139824308686855,0
male,young,0.31368967497170025,254,young,1d23e4b2-0d46-4764-83f6-b3fded8dc883,0.31368967497170025,1
male,middle,0.3113136303368141,103,middle,e40169fc-3f5b-4546-adba-03ad2a0193d5,0.3113136303368141,0
male,middle,0.3111319957641685,192,middle,c3d4463a-19a8-45ae-9e6d-7971e1e98e14,0.3111319957641685,0
male,middle,0.3111165709911015,89,middle,1ef8bdfa-3099-47aa-801b-856420ba3e01,0.3111165709911015,0
male,middle,0.3110293738045801,564,middle,1fb64086-173a-437e-bfae-cd41e1b18bdc,0.3110293738045801,0
male,middle,0.311009541953494,696,middle,66ada068-07a5-44ea-a136-162018b0d4dd,0.311009541953494,0
male,middle,0.3095967586570752,478,middle,18f0b1f0-99b7-436e-a7b8-78ac8172c8d5,0.3095967586570752,0
female,young,0.3087191205486939,550,young,dbd91465-10f7-4b77-bf92-e16a5199af17,0.3087191205486939,1
male,middle,0.30864073751821064,42,middle,ee3b479c-2e21-4eb4-bf50-ecfa30bdb04b,0.30864073751821064,0
male,old,0.308439271094479,190,old,8aefda3c-5f93-40e0-b9e1-6d476eb00863,0.308439271094479,2
male,old,0.3079056998628769,422,old,7c3337fb-a0c7-49d6-bb6a-e5782e887ac4,0.3079056998628769,2
male,middle,0.30749898951996846,409,middle,ed548113-ee92-40fb-b12d-9077fb2e3016,0.30749898951996846,0
male,old,0.30704789360558166,606,old,2566f5dd-5b33-4995-8362-4609dc905044,0.30704789360558166,2
male,young,0.3067069746416731,203,young,d3bc1653-9dbd-4d09-b0d4-da3a3c60ccf8,0.3067069746416731,1
male,middle,0.3066879297688047,999,middle,85b4399a-654f-43e8-9bfa-4cd55c9303bf,0.3066879297688047,0
female,young,0.30540122038286177,752,young,74c02039-7978-448a-a609-ce06687594b9,0.30540122038286177,1
male,middle,0.305339836081881,748,middle,0c77e9c0-8f6e-418c-8ddc-732afbc0de98,0.305339836081881,0
female,middle,0.3050911509650871,974,middle,21f872bd-9fab-4cbd-9420-3f60c2728b65,0.3050911509650871,0
male,middle,0.30479052528592493,686,middle,9627c27b-d097-4ef8-81b3-ae01b188d0e6,0.30479052528592493,0
male,middle,0.303645944166099,510,middle,b77c3ae4-bfa6-470a-9baa-237c784ab810,0.303645944166099,0
female,old,0.3033018772893196,317,old,18c47f05-087d-4c89-a929-cf3ea629dc80,0.3033018772893196,2
male,middle,0.30327102774318576,889,middle,ab637bb9-0240-4d13-8a3c-cb4d85bd0829,0.30327102774318576,0
male,middle,0.3020619144095082,313,middle,899f6d6b-5f89-4e94-a9cf-76b61c3a20b8,0.3020619144095082,0
female,old,0.30199769698694373,147,old,19e6b387-f345-4449-a7ca-4aeff6f5e689,0.30199769698694373,2
male,young,0.3018736692198339,228,young,971d338f-86ac-4750-b087-8e16ea2e775b,0.3018736692198339,1
male,young,0.30182645052677176,188,young,a075b284-4367-4a3c-a7ab-e8b6bd8699cd,0.30182645052677176,1
male,middle,0.30140557457594475,32,middle,8efbd639-5c93-4898-a96e-73c2331689f2,0.30140557457594475,0
female,middle,0.30125290080171047,389,middle,cdd04948-8aca-4d37-952a-b902787967a9,0.30125290080171047,0
male,middle,0.3009960311114525,627,middle,230a9ca7-3b53-4bc1-9323-b18c7399127a,0.3009960311114525,0
male,middle,0.300947238461955,597,middle,1ecb0440-c7d7-4590-a18f-b7e0e93a218f,0.300947238461955,0
male,middle,0.30076025243742893,76,middle,1494a5b1-ff08-491a-8740-1391c3d54003,0.30076025243742893,0
male,middle,0.3004504978109414,142,middle,22c2ac01-8ffe-44ea-8782-14c0d2b03811,0.3004504978109414,0
female,middle,0.3000954132391142,557,middle,2ccb7687-66cc-4266-aa34-b0a454d25636,0.3000954132391142,0
male,old,0.2994334071623832,848,old,c8e5f56f-91f9-4f39-a15b-ad37d1b30c48,0.2994334071623832,2
male,middle,0.29940602032040714,338,middle,71d3eb52-0fed-400f-8b61-3dbe00ec6146,0.29940602032040714,0
male,middle,0.29902071578502026,253,middle,1f485118-e73d-4a2a-915c-8c894e289789,0.29902071578502026,0
male,middle,0.2987638460947623,670,middle,71c363ca-ef4e-4c74-8a60-60558477d7cc,0.2987638460947623,0
male,middle,0.2981962774041555,193,middle,6020836f-f8b5-47f5-9258-7c43afdb3ea4,0.2981962774041555,0
male,old,0.29817613076178234,303,old,dd021060-29d8-4524-94f3-62d784da37e3,0.29817613076178234,2
male,middle,0.29802534573527056,402,middle,6f8fd2e4-6a80-43de-ac17-6d81013badf5,0.29802534573527056,0
male,young,0.2971768258209443,236,young,611bbde2-0d77-4751-90fd-d99b9ee36ada,0.2971768258209443,1
male,middle,0.2962165549997041,31,middle,881eaa2f-4d73-440f-805c-06a7feec45ec,0.2962165549997041,0
female,old,0.2959014489213362,554,old,5179a1c7-9df7-4caf-ac87-765f9a32ae21,0.2959014489213362,2
female,old,0.2956401721530591,590,old,6c4aba03-a474-4ce9-9984-79d3a01f4a87,0.2956401721530591,2
female,middle,0.2950936944786868,856,middle,779b1a6f-7a13-497c-bf9a-7e8800613d74,0.2950936944786868,0
female,middle,0.2949640004684095,393,middle,8479f8e7-b456-441d-8186-14f1faee1808,0.2949640004684095,0
male,middle,0.29486861870842396,525,middle,c35cba62-2ab9-49da-9ba5-b7a25663ac7a,0.29486861870842396,0
male,middle,0.29285584321882907,599,middle,3f4ca15d-8612-4899-b38f-519762507769,0.29285584321882907,0
male,old,0.29101494377198034,183,old,c594d896-a677-4f67-babc-de7f89ac8dd8,0.29101494377198034,2
female,young,0.2905137960429476,252,young,3250cbee-9618-4144-9268-b19082b3a2b3,0.2905137960429476,1
male,middle,0.2905131664603734,48,middle,d5b8a90e-11f9-4934-89c6-72b4ab6f7ca4,0.2905131664603734,0
female,middle,0.2885104642919651,630,middle,dfdc36da-6fc4-4df8-b305-81915f1d16e6,0.2885104642919651,0
female,young,0.28791110168136325,613,young,19b882ca-a082-4445-9dbb-4d0cc854ec96,0.28791110168136325,1
male,old,0.2872150981456275,241,old,6e4b84ec-f5bc-4f4c-a314-20967f4e6890,0.2872150981456275,2
female,young,0.2863374600372461,817,young,c60d1926-87e3-4fe2-a51b-8c00c52bbf3a,0.2863374600372461,1
female,middle,0.2842009715718285,141,middle,08ab5810-1a23-4562-a700-f9d99caf4532,0.2842009715718285,0
female,old,0.28314217107773204,175,old,e773e1cb-7a2e-4d8b-b460-46183b82ecb4,0.28314217107773204,2
female,young,0.2823411846477549,724,young,6f9b297b-2f36-46fa-aa4c-3328129d603c,0.2823411846477549,1
male,young,0.28127089427167995,966,young,36cd313b-d9ae-4cfe-bc33-e3df5ee744c7,0.28127089427167995,1
female,middle,0.28120226977109636,965,middle,3ef4d5b1-0c15-4832-88c3-d226a488b030,0.28120226977109636,0
female,middle,0.28078328256799184,732,middle,6184d2bb-cb84-49f8-8fe5-a617d2ede399,0.28078328256799184,0
female,middle,0.27818216216284275,108,middle,67e71c6f-4885-4a35-a515-0c205534e2f3,0.27818216216284275,0
male,middle,0.2778289663387381,914,middle,0f28483b-f2d3-44eb-9f3e-6949119713b5,0.2778289663387381,0
male,middle,0.2775506908409586,718,middle,a47f210d-6481-424d-8a53-35b55894dc09,0.2775506908409586,0
male,young,0.2748321532857285,218,young,15cd2dab-5f37-4c85-8951-73c70a0f2bbe,0.2748321532857285,1
male,middle,0.2746813682592168,234,middle,52f2ffc8-cdf0-42dd-862f-d03da51593a1,0.2746813682592168,0
male,young,0.2742970080976911,495,young,5e5b0f99-7293-4e89-9963-8e5283f25f81,0.2742970080976911,1
male,middle,0.2742076073721601,353,middle,d714c78f-f522-4a96-b65d-d0b6fd313d64,0.2742076073721601,0
male,middle,0.27391170356230415,223,middle,c4c2122e-0994-4f47-b87e-2121ff508e34,0.27391170356230415,0
male,middle,0.27380373015083537,527,middle,b09c6ccc-df67-46ab-bbae-b4855e2b94af,0.27380373015083537,0
female,middle,0.2730230477588749,215,middle,df1683ba-a1c9-4f27-b91f-eb04739719d2,0.2730230477588749,0
male,middle,0.27277625138980355,943,middle,81dad73c-ecf5-4754-8a8d-3318d0a85ce4,0.27277625138980355,0
male,old,0.2727557899561433,465,old,9561d538-bfc1-42ce-8ed5-23b7eab1fa4b,0.2727557899561433,2
male,young,0.2707008324340796,605,young,37c903db-8b5b-499d-b1d4-c9719b449914,0.2707008324340796,1
male,middle,0.26959654459899995,737,middle,3b4cd929-f71e-413d-ae89-ee293514e698,0.26959654459899995,0
female,young,0.2683461936067149,593,young,fda293b7-2887-4e11-a4bc-445a6f46e452,0.2683461936067149,1
male,middle,0.267618396150984,256,middle,7c56ccc4-1110-49e0-b6df-80d0bd3a4f37,0.267618396150984,0
female,middle,0.2673291029581567,250,middle,97f93aed-06b4-45a0-9d15-a444543b1302,0.2673291029581567,0
male,young,0.26720066811302773,436,young,79c3102b-946b-4de4-ac59-f83f070f834d,0.26720066811302773,1
female,middle,0.2669692965170233,735,middle,251e70d8-6015-4e57-ae55-88709d93cfac,0.2669692965170233,0
female,middle,0.26610897192943134,515,middle,518017dc-39ab-4ddb-b018-5cf956e95c3c,0.26610897192943134,0
female,middle,0.26588452574174276,733,middle,b53c79b0-71aa-4806-9631-3de51ae473f6,0.26588452574174276,0
male,middle,0.26499429598187807,827,middle,fe1ad854-b561-490e-a5b5-2ce42edfdde4,0.26499429598187807,0
male,middle,0.2647374262916201,899,middle,4bcb2f08-b34c-4efe-8dd1-77ba86baab87,0.2647374262916201,0
male,old,0.2642232147241736,438,old,b68ac59a-800a-426f-a182-1db2df1902fe,0.2642232147241736,2
male,middle,0.2634332459892442,811,middle,4960293e-a96c-429b-9f3c-c48327c0204a,0.2634332459892442,0
male,young,0.26331582883916305,743,young,72907849-773c-48b7-b9b8-b5149bb781be,0.26331582883916305,1
male,middle,0.2610040016268414,830,middle,201a7783-227b-41c0-8a64-dc5a67b60703,0.2610040016268414,0
male,old,0.2600086315770918,924,old,b1e6ba4f-4d73-4192-9ca2-96b2c52e002a,0.2600086315770918,2
male,middle,0.25836290272823315,224,middle,b096d013-451d-42c6-bbd4-94a2dcaf3c73,0.25836290272823315,0
male,middle,0.2576351052725023,642,middle,2903f006-e707-4691-885a-751cba27b31f,0.2576351052725023,0
male,middle,0.25706974012090505,841,middle,f283a78e-f47d-40e7-a231-5fcc1766f7ca,0.25706974012090505,0
female,middle,0.2555713335944002,982,middle,6915eee4-b93e-45c3-b42c-4fb64c195a9e,0.2555713335944002,0
male,middle,0.2542183606425268,433,middle,6046d8d6-ef16-47d2-b3fc-418a513d5ad3,0.2542183606425268,0
female,middle,0.25344775157175287,546,middle,acdf4354-8b19-425e-b0f3-5bb826b9a3a6,0.25344775157175287,0
male,young,0.2526985483085005,731,young,38205ddd-5d7a-42da-841e-51989d777d04,0.2526985483085005,1
female,middle,0.2522276205430276,591,middle,796c731b-a6c4-466c-846b-db9391b19873,0.2522276205430276,0
female,middle,0.2514141998572107,577,middle,b185de26-9e5f-4dda-a7a8-68e03af4f11b,0.2514141998572107,0
male,middle,0.2513713882421677,248,middle,76bb26a7-86bf-413a-a7e4-8e75fc219c6c,0.2513713882421677,0
male,middle,0.2508576488616518,279,middle,d3bc4014-6bd1-40a5-b5e6-f42a1647888c,0.2508576488616518,0
male,middle,0.24996930784950966,730,middle,6955d7e1-617f-4a32-91a3-c74643dbfd9f,0.24996930784950966,0
male,middle,0.2481479254624599,53,middle,3aae7223-42fb-45ba-8abe-a3af616e798e,0.2481479254624599,0
female,middle,0.24527954725457926,189,middle,0c776388-890b-4d19-8516-4f4ef6a9d2ce,0.24527954725457926,0
female,young,0.24412363364841846,521,young,e408ef8a-f8fd-4233-823c-636ff3091019,0.24412363364841846,1
male,middle,0.2435570093316729,442,middle,0b4dbd3a-eea8-487b-9d25-7fe4310d1ebb,0.2435570093316729,0
female,middle,0.24342164907822816,858,middle,a8404abe-701f-4d30-851e-364ff179c1a1,0.24342164907822816,0
male,old,0.24337002330714688,961,old,ca828c28-ab47-431b-8cb9-fd761981e9a1,0.24337002330714688,2
female,middle,0.24261641296587536,399,middle,5aaaa47a-61f5-45b3-8160-568b2cdd9240,0.24261641296587536,0
male,middle,0.24199139486537638,993,middle,0dc845c6-934f-42f5-9699-709abd0a64b4,0.24199139486537638,0
male,middle,0.24192450171687171,578,middle,e01d740d-095e-4eb8-98db-cf478da50f17,0.24192450171687171,0
male,middle,0.2404116147911612,508,middle,de2e4f2f-1de7-4da7-bc9f-f482cd9f9498,0.2404116147911612,0
female,middle,0.24012263638962097,80,middle,23e0b171-00f5-4cb2-9db5-a9c5a0a05336,0.24012263638962097,0
male,middle,0.23998349864073124,758,middle,618648b0-9863-463f-b04e-37a19af33cbe,0.23998349864073124,0
female,middle,0.23972662895047328,414,middle,6a57d378-dedd-4dd7-b986-a4e2776d4a13,0.23972662895047328,0
female,middle,0.23951257087525832,775,middle,1838218f-e98b-464b-94eb-a611e6c1cdb4,0.23951257087525832,0
female,middle,0.23760745400584504,15,middle,16caa6e1-7222-48ed-b810-e50e82d71d2a,0.23760745400584504,0
male,middle,0.23745761335319457,729,middle,aa9af8b9-e2e0-44f6-a4ca-b9593d9c2bca,0.23745761335319457,0
male,middle,0.23714534039641036,543,middle,bba5d929-54e6-470a-b93a-5541c9831d1d,0.23714534039641036,0
female,old,0.2370937146253291,975,old,c9be7281-e646-447f-a7af-fcde5fc0516b,0.2370937146253291,2
female,young,0.23584147488532156,340,young,5bc15769-be1a-4397-87f8-a30997ac1317,0.23584147488532156,1
male,young,0.23532584675708312,425,young,f08f73d3-c64d-4166-8db4-6bd1b905232c,0.23532584675708312,1
male,middle,0.23512312116820308,850,middle,9b74844b-2f49-4489-83d7-dbb1004096bf,0.23512312116820308,0
male,middle,0.23495769834684208,9,middle,58000c09-517a-4cb7-bb5e-dbbf69f01ba3,0.23495769834684208,0
male,middle,0.23479510864706485,962,middle,6b41e6ce-172c-48e4-b67f-e454ffe88c95,0.23479510864706485,0
male,middle,0.23275714985450346,323,middle,b1c0652d-53f0-47b7-91b8-c2c116571491,0.23275714985450346,0
male,middle,0.23259156963749897,583,middle,1d8d8b77-a788-4ab5-a534-2b9a7ddcbbc6,0.23259156963749897,0
female,middle,0.23228181501101142,120,middle,9dc029e4-3c45-4119-8583-411218960460,0.23228181501101142,0
male,middle,0.23196513497620808,97,middle,561a49f1-2e9e-407a-a1d6-405da9212b4e,0.23196513497620808,0
male,old,0.23149420721073516,624,old,86034569-d3c4-4e65-b516-d32d7961f739,0.23149420721073516,2
male,middle,0.23023567164498596,857,middle,9707310d-3caf-4f8b-889f-b34a8d9924af,0.23023567164498596,0
male,old,0.23019301742558654,330,old,361167c2-c586-4778-a944-db0710cf4670,0.23019301742558654,2
male,middle,0.2296747135714079,298,middle,c1637d2f-fd75-4755-bcd4-0b68bc2acd35,0.2296747135714079,0
male,middle,0.22942240835481262,988,middle,81e71cc9-3d5e-4698-93cb-25c376780939,0.22942240835481262,0
male,young,0.22926107782018365,79,young,824574b4-01fa-4bd5-b8a9-b50b154a3c67,0.22926107782018365,1
male,young,0.22854020577276854,143,young,6acd64f3-a0de-4878-a02d-3a726217a70a,0.22854020577276854,1
male,middle,0.22825752319696993,182,middle,db64ff7a-48e8-4da4-ad12-e02bababcb7b,0.22825752319696993,0
female,middle,0.2272986689365217,276,middle,85e08258-c034-4dc3-bd94-e7d8fe27d912,0.2272986689365217,0
male,middle,0.22695365768588113,863,middle,5e5b5cfc-37f4-4c39-a3e0-65d6bd1f4147,0.22695365768588113,0
male,middle,0.22374986936161587,665,middle,c6d546bb-824c-48c9-956d-fb4855034d1c,0.22374986936161587,0
female,middle,0.2237453048879532,385,middle,b4df29ee-8bcb-456e-8d5f-4b5f9049f75b,0.2237453048879532,0
male,middle,0.2222683041689699,861,middle,d16fd799-5b28-4cca-82ec-fd35a5625102,0.2222683041689699,0
male,old,0.22214175807156344,683,old,5f101ec1-2ef9-4b0c-8b8b-664ea9bc770a,0.22214175807156344,2
female,young,0.2213050428305025,761,young,278b5d75-84fe-49d2-b0af-72c5dd53b892,0.2213050428305025,1
female,middle,0.22098962196084757,446,middle,a1eae984-115e-4eed-8f56-658d12aabd8b,0.22098962196084757,0
male,middle,0.2207913034499866,37,middle,56e64b37-ad9b-49f6-96d7-d8439a0d14dd,0.2207913034499866,0
male,middle,0.2201094655221695,969,middle,aa533f44-e237-4d01-87bf-f85552208659,0.2201094655221695,0
male,middle,0.2196656098073855,689,middle,6cd48145-5163-4952-a49b-01d34f11b937,0.2196656098073855,0
female,young,0.21948554919117527,585,young,179e5d8d-4618-4b59-8f26-f5e73bceca3b,0.21948554919117527,1
male,middle,0.2193816680664386,456,middle,534944a1-f009-47c0-a35d-996953f04095,0.2193816680664386,0
male,old,0.2190575904363889,212,old,561945fd-9d87-484c-91a3-ceaee19dc516,0.2190575904363889,2
male,middle,0.21835985554857418,874,middle,733efac8-acf9-4f62-bc64-d85dc3663bed,0.21835985554857418,0
male,old,0.21830822977749292,133,old,13f513ad-6e36-4cd8-bd0e-ec9401a8196d,0.21830822977749292,2
female,young,0.21799595682070877,480,young,946ab742-f60b-4fd6-84f8-59baeeb62466,0.21799595682070877,1
male,middle,0.21738778005406856,785,middle,0cfbbe2d-4b54-43f0-9dfb-b575a728e423,0.21738778005406856,0
female,middle,0.21641192706411794,129,middle,3c602ac0-097a-43f9-ad3b-530e6fcc2f0e,0.21641192706411794,0
male,middle,0.2162318664479077,401,middle,c1dbcfe8-3792-4d5f-9c0b-a8d026a2adf2,0.2162318664479077,0
female,middle,0.21612483741030025,727,middle,d7956c06-357b-4704-b5fa-e7d6a850f9bb,0.21612483741030025,0
female,middle,0.2157395328749133,331,middle,551be8fd-1b0d-4507-8ca3-3eeda1af7e05,0.2157395328749133,0
female,middle,0.2152988250730001,244,middle,98c1ce88-8db4-45d1-8231-b34763090f43,0.2152988250730001,0
female,middle,0.21499473668968003,691,middle,73ad07f8-d218-40de-8142-5e425e5117b7,0.21499473668968003,0
female,middle,0.21499473668968003,531,middle,6cbabe2e-cdc5-405d-9e5d-eb835135a1e0,0.21499473668968003,0
male,middle,0.2147976773439674,390,middle,cfb3f418-82ac-4a9a-a4cc-0dd8493bc2ef,0.2147976773439674,0
female,middle,0.2147334599214029,920,middle,91a8bfee-5e18-4c89-86e9-795acef8f769,0.2147334599214029,0
male,young,0.21436956119353745,698,young,4ed75f1c-0205-475a-9c7e-05279e6ebc48,0.21436956119353745,1
female,middle,0.214285826711174,911,middle,0db76650-1e5f-49c8-83f3-398b3afba749,0.214285826711174,0
male,middle,0.21387297793816745,320,middle,7a931b6b-ca10-48fc-8868-8401a480b07f,0.21387297793816745,0
male,middle,0.2137632731746198,766,middle,6c83b3f6-bea1-4a96-86dd-0121fbbb32b3,0.2137632731746198,0
male,middle,0.21211392422595968,387,middle,d849d315-d9c4-4623-908a-5985bef62444,0.21211392422595968,0
female,young,0.20940341384855013,82,young,bff5f0d2-b689-4f87-a39b-9e0979c44c79,0.20940341384855013,1
male,middle,0.2091937628513543,506,middle,a5fee8ac-52e4-446f-8a42-2c3cfab6bf35,0.2091937628513543,0
male,middle,0.20908232673572769,631,middle,8d2f603f-b215-4d57-a8d0-43b571fbe4cb,0.20908232673572769,0
male,middle,0.20858999316273324,621,middle,c1294d50-ea32-4187-982b-5c533d0cbd58,0.20858999316273324,0
male,middle,0.2084659653956234,388,middle,3aa2be65-18f0-4baf-bf8b-f9ae4dc3e1f8,0.2084659653956234,0
male,middle,0.20805484797469584,717,middle,e0906457-d3ab-4ddd-a98f-6b2800ca608e,0.20805484797469584,0
male,old,0.20737867629004617,486,old,5dbc3ac4-a1a5-4186-b975-705404373b86,0.20737867629004617,2
female,young,0.20621835560586624,865,young,22ce9493-fadf-4353-9e58-c30efd6344d9,0.20621835560586624,1
male,young,0.20607292203123484,821,young,a98c386b-d317-4758-9b60-156b0af1ba88,0.20607292203123484,1
female,middle,0.20489135293517693,572,middle,70acc3b5-50e1-40be-b7d5-dedde1a09e24,0.20489135293517693,0
male,middle,0.20462991877125628,819,middle,f33b7599-3c5c-45f6-9818-23a4eb26cd98,0.20462991877125628,0
male,old,0.2041622963142977,784,old,a2b8bfe1-3f13-4e7b-954b-8ed5cd080bc1,0.2041622963142977,2
male,middle,0.20248933801910657,474,middle,ac2921e0-71df-409a-874d-722a7dadc8d4,0.20248933801910657,0
male,old,0.2023609031739776,360,old,6a762710-f72e-4e3b-9a3a-96cca0cf9680,0.2023609031739776,2
male,old,0.20188997540850465,588,old,5afe73fa-1252-46c2-92ef-9d1c740841be,0.20188997540850465,2
female,middle,0.2009500086252813,952,middle,5bcc7211-e26d-45e8-aec7-43afecf03581,0.2009500086252813,0
male,middle,0.20091852949657318,859,middle,f62ebe5c-3f13-495a-b08f-cb70bab3e88c,0.20091852949657318,0
male,middle,0.20086249664747283,894,middle,0436f564-d6de-491a-8e60-78973a949c95,0.20086249664747283,0
male,old,0.20043438049704285,427,old,574e36c6-2e12-49f3-b260-cf8a1b8bf8a8,0.20043438049704285,2
female,middle,0.19966377142626895,524,middle,559c643e-1940-43bb-a5a0-69e879adf018,0.19966377142626895,0
female,middle,0.19814395909224267,419,middle,9194f3c3-d417-469c-aad8-f260188587b7,0.19814395909224267,0
female,middle,0.1978442777869417,324,middle,058849ff-09d2-48e7-b1be-ccf3a7ad13b1,0.1978442777869417,0
male,middle,0.19667577252929763,176,middle,9d7e314d-e142-41ac-b4cf-cbeff70d3953,0.19667577252929763,0
male,middle,0.19591964385772948,284,middle,1671d634-6c7b-4db6-ad67-da54d17423cd,0.19591964385772948,0
male,middle,0.1943765369684592,233,middle,e52e0c62-d26b-4ead-a186-6ec420e98503,0.1943765369684592,0
female,middle,0.19315829468745635,312,middle,92f83c65-f2d6-4eb4-b3b8-c3a616f3b024,0.19315829468745635,0
female,middle,0.19274151102336132,909,middle,dd8fe9c1-930c-4f8c-b7d9-773c686c6f7a,0.19274151102336132,0
female,middle,0.1914697542235547,526,middle,e41361d2-59a8-48d3-bb59-4e53fe945ce6,0.1914697542235547,0
male,young,0.19108444968816776,970,young,4112aef8-6c8a-46b0-8a51-f26529afa633,0.19108444968816776,1
male,old,0.19104163807312474,449,old,4531d228-0031-4e37-8e3b-b0dd93b7f456,0.19104163807312474,2
male,middle,0.19103471266480898,916,middle,fd518e76-601a-4af0-8f1c-cd4897ba7f4f,0.19103471266480898,0
male,middle,0.1903138406173939,682,middle,3de2f630-ca8d-45b4-9732-1c83b39932c1,0.1903138406173939,0
male,middle,0.19029684188789148,681,middle,63a353b5-af7b-4c7f-8352-28482b5579c9,0.19029684188789148,0
male,middle,0.1901639999647434,852,middle,e4236f82-34f8-4aac-821f-2d835e2cac51,0.1901639999647434,0
male,middle,0.19015140831326016,210,middle,f7ee4c7f-bf09-47df-809b-e7bc07470afe,0.19015140831326016,0
female,middle,0.18990713027448541,345,middle,cebbeb91-7d7b-4571-81c1-ead2e493ed96,0.18990713027448541,0
female,old,0.18969747927728958,251,old,eb022ec5-1587-4e06-83c4-e503e77f2f86,0.18969747927728958,2
female,middle,0.1896118560472036,362,middle,3e5e73f9-8d45-40bb-9dd9-d897c4646f60,0.1896118560472036,0
female,middle,0.18935057927892648,985,middle,7e356dd9-6b17-4590-a0d0-89b4a19f8e74,0.18935057927892648,0
male,young,0.1889054643989942,762,young,bfc94fe2-4494-4f99-8342-2ed524e8496a,0.1889054643989942,1
female,middle,0.1887084050532816,14,middle,8abe7d62-ae8a-4e90-9454-f93e44daaf69,0.1887084050532816,0
male,middle,0.18834450632541613,903,middle,3d679cab-c5c0-457c-9b83-eaf3d87f1d63,0.18834450632541613,0
male,middle,0.18831176803155972,935,middle,409fbc2e-5736-4768-b72d-ae8933837e42,0.18831176803155972,0
male,middle,0.1879850146755698,892,middle,fff67870-16f4-48b7-8586-f47bc8d59982,0.1879850146755698,0
male,middle,0.1877879553298572,185,middle,87e5e8e4-73ba-4800-8d12-c4ea2441afb8,0.1877879553298572,0
male,middle,0.18751408691009688,257,middle,d9c94f8f-a199-4588-b3dd-a57744c94391,0.18751408691009688,0
male,middle,0.18693613010701646,494,middle,39c1fe59-192a-44e8-81a9-3546cf80cf80,0.18693613010701646,0
male,middle,0.18691472429949493,125,middle,c0dd6bae-68b7-44ab-b15e-00b11a77ca1c,0.18691472429949493,0
male,old,0.18684609979891134,726,old,c5cc578a-5f30-44b4-a491-570b5d2aea0b,0.18684609979891134,2
female,young,0.18596846169052997,337,young,1b35df6a-3f5f-41b1-86bd-0273a0076160,0.18596846169052997,1
female,middle,0.18588724553846311,49,middle,2c9a7455-dcb8-4d5d-b73d-951b02264a7d,0.18588724553846311,0
male,middle,0.18588283846044398,757,middle,3a95fad9-4128-4741-a9a2-8151d08e948b,0.18588283846044398,0
male,middle,0.18587465388697988,617,middle,6f4cee64-b6a2-467b-a32b-5caa755b8f90,0.18587465388697988,0
male,middle,0.18573299780779348,979,middle,99b2c73f-8ebd-460e-909c-eaeac7f9c276,0.18573299780779348,0
male,middle,0.18492398419999573,421,middle,997b14ab-7bfa-4780-8419-4c50653ec639,0.18492398419999573,0
male,middle,0.1845959716788575,946,middle,d2d6e07a-b659-4302-9451-91e515b47063,0.1845959716788575,0
male,middle,0.18426481124484848,586,middle,2c9c7aa2-8727-468d-817d-c91c81eb3577,0.18426481124484848,0
female,middle,0.18418485425792994,704,middle,30254aa5-c6e6-49c5-8813-db4bef089f1d,0.18418485425792994,0
male,middle,0.1837342305304737,507,middle,0e40d37e-35d3-4ff8-90b7-f0c8fe4aabc6,0.1837342305304737,0
male,middle,0.18265496860271702,651,middle,80772d2e-d942-4e81-bf27-e180c27f9ba4,0.18265496860271702,0
male,middle,0.18249253629858334,489,middle,5f6aa6ba-2c56-44d0-9af1-2cf972c66fbd,0.18249253629858334,0
female,young,0.18213430381388535,570,young,01cdf789-12f6-4606-ac25-45a6fd364e2e,0.18213430381388535,1
male,middle,0.18208141887765575,275,middle,5721f9a5-605b-4474-b80e-941c3e96d133,0.18208141887765575,0
female,middle,0.18203420018459363,954,middle,ecd4ce94-0376-4c74-af57-4224ff5ff29a,0.18203420018459363,0
female,middle,0.18177733049433567,139,middle,00a36c05-8316-41f6-91d2-2918bac49833,0.18177733049433567,0
female,middle,0.18099979601524602,64,middle,2ca96efd-eff5-4a2a-88d5-ff7b787c2d04,0.18099979601524602,0
male,young,0.1803148101745581,229,young,4a9badde-ae9c-4fcf-9802-505616cbec40,0.1803148101745581,1
female,young,0.17988559225462333,804,young,62e89cd5-6291-44b2-8987-12e53dcc54ad,0.17988559225462333,1
female,middle,0.17975825917899915,500,middle,3421ea86-c13d-4d53-9f69-c4f3ba7f59e9,0.17975825917899915,0
male,middle,0.17962415809070273,335,middle,53a25dc1-b1ca-490e-bf5d-65d988557c8a,0.17962415809070273,0
male,middle,0.17954671943408082,690,middle,b9059038-8c37-451e-98dd-41bbe86db535,0.17954671943408082,0
male,middle,0.17937295464361222,534,middle,784bfbf2-3cad-44f9-8150-338b6e30ad4e,0.17937295464361222,0
male,young,0.17935847424440646,122,young,5d5f48e5-2fd8-4ff2-84ed-5fa6d4293673,0.17935847424440646,1
male,young,0.17909467914583274,470,young,ae74a00c-43ed-4198-a16c-973c346a90d3,0.17909467914583274,1
male,middle,0.17737780746609383,864,middle,bee71477-3db6-45a3-bab6-3a6ee1a39fc3,0.17737780746609383,0
male,middle,0.1769824296095203,260,middle,30d48160-c100-4042-a572-496eb9fe02ca,0.1769824296095203,0
male,middle,0.17692010093467833,459,middle,07a9f9f6-b428-4f6a-996a-0bae266955e7,0.17692010093467833,0
female,middle,0.1761904147312249,441,middle,28b3725b-2d8e-4a94-badf-cdb31c292cb2,0.1761904147312249,0
female,young,0.1759291379629478,573,young,e5bba7ed-6b82-4bd9-a88e-f44b1396effe,0.1759291379629478,1
male,old,0.17520574758523605,281,old,53ae2f4a-d784-484a-a97c-fb63fce5d445,0.17520574758523605,2
female,young,0.17505590693258555,12,young,8c4770d7-cc71-4a6b-b7a9-f776829452eb,0.17505590693258555,1
male,middle,0.17489914087161934,692,middle,ae2a5db9-4990-4990-ab24-099abb36ab27,0.17489914087161934,0
male,middle,0.17435958860556275,24,middle,55df496e-39b8-45ff-96fe-44efe49bfa24,0.17435958860556275,0
male,middle,0.17368593525120976,532,middle,a026ac23-031e-4935-99d1-d18c40283c0b,0.17368593525120976,0
female,young,0.17357890621360225,934,young,0ab244a6-26ed-45d9-bcd6-83fcfbbce7fa,0.17357890621360225,1
male,middle,0.1732792249083013,435,middle,f53a05ea-23e8-45f0-854d-67f4c74d6d28,0.1732792249083013,0
female,middle,0.17173800676675352,85,middle,20d04ded-3f1b-48e6-8cfa-68a2d21bfa65,0.17173800676675352,0
male,middle,0.17169519515171053,782,middle,821f4ee7-339f-41d4-b200-f734f13f2927,0.17169519515171053,0
male,middle,0.17125574651494568,151,middle,df34ddbb-b85c-417f-863b-d8f2a7a7f49d,0.17125574651494568,0
female,middle,0.1711814557711946,647,middle,67bb86a0-9c20-4e95-a062-a32fa2963a54,0.1711814557711946,0
male,middle,0.17093340023697487,165,middle,925c2e86-ae57-4b1c-8b17-4c4b6f5d91de,0.17093340023697487,0
male,middle,0.17028241185529172,929,middle,4b277d0b-0ac6-470d-95d6-7813948a49d0,0.17028241185529172,0
female,middle,0.17025408063945444,455,middle,705e76c8-4dbf-4c77-931a-8e93da9da75d,0.17025408063945444,0
male,middle,0.17012249788145462,403,middle,3bc73825-06d0-49f2-b1b1-60ca364af215,0.17012249788145462,0
male,middle,0.1700727608580959,434,middle,5a70118f-b1f5-4322-ab56-2d6b7ac72d66,0.1700727608580959,0
male,old,0.17002994924305287,20,old,15591d73-43d2-4bc6-9a4e-278c17ac839c,0.17002994924305287,2
male,middle,0.16968745632270893,709,middle,6a6d5009-2be8-490d-8853-19cbcb43594e,0.16968745632270893,0
male,young,0.16927633890178134,660,young,2033f4a6-cf91-42e8-b731-259841f02a97,0.16927633890178134,1
female,middle,0.16914790405665237,238,middle,d25bbc2f-895b-4b7d-9e6d-b1277b293698,0.16914790405665237,0
male,young,0.16910509244160937,587,young,a0d742e0-1911-45d8-a61b-18dd0197d21e,0.16910509244160937,1
female,young,0.16903662533666927,347,young,cb029f7a-55b8-4b49-b9dc-b3d7b515fe58,0.16903662533666927,1
female,young,0.1689552517889589,155,young,4f6b02f6-7f20-4c47-a4e2-6756e62a6e76,0.1689552517889589,1
male,middle,0.1688242986135333,174,middle,0be38987-d3a4-4964-9edd-9173387d7cac,0.1688242986135333,0
male,middle,0.16852713563852895,52,middle,219ee4bd-e34e-45a5-a97c-c82ee5836db3,0.16852713563852895,0
male,middle,0.16804928246474024,447,middle,a91170fc-4eba-4e9f-b61d-224e74af51c6,0.16804928246474024,0
female,young,0.16779933818279805,722,young,e97aefcb-5705-4774-9c3c-83b9e464284a,0.16779933818279805,1
female,middle,0.16760416758480795,612,middle,7ceebb39-b112-491e-be37-5aa1153eae51,0.16760416758480795,0
female,young,0.16719997557219612,221,young,2d275926-2d0a-49a9-adda-253c378a5cda,0.16719997557219612,1
female,middle,0.16687888845937368,243,middle,970dcfab-d1d4-4eb5-8979-e7e71f7e219d,0.16687888845937368,0
male,middle,0.16651498973150825,201,middle,00ebdfee-1b12-4d09-b99b-6acc66a6ff45,0.16651498973150825,0
male,middle,0.16640796069390074,484,middle,d4d88ff0-533a-4205-b125-91aa113048e0,0.16640796069390074,0
male,middle,0.16630093165629325,41,middle,6a39ec42-fba3-42d5-a154-d63c0769814b,0.16630093165629325,0
female,middle,0.16555172839304086,700,middle,b8e86576-2687-41c8-83ce-b78c11c5e2ec,0.16555172839304086,0
male,young,0.16520923547269692,905,young,2840d885-e4b9-478c-a9b9-7a6cb6d3d8ef,0.16520923547269692,1
female,middle,0.16511668683429517,862,middle,917d8598-e25c-4b66-9e50-881c4c02b489,0.16511668683429517,0
male,middle,0.16508080062756794,820,middle,9c66982a-defd-4cfb-9234-b24895257a7e,0.16508080062756794,0
male,old,0.16493300611828346,163,old,446cd93f-cb28-460e-8a07-694ed29ecf5b,0.16493300611828346,2
female,old,0.16488814835987442,288,old,b6f09726-f7be-450d-8d0e-000b0977b8c9,0.16488814835987442,2
male,old,0.16467409028465946,835,old,ac040812-0b6c-4549-8006-40e7e31d18f4,0.16467409028465946,2
male,middle,0.16462309409615236,901,middle,3b1af924-ba84-461b-86fb-83d9be5e48d2,0.16462309409615236,0
male,middle,0.1646029474537792,28,middle,800063cb-e931-476e-a9c9-45e58b93f297,0.1646029474537792,0
male,middle,0.16454565543953048,290,middle,2770b3c6-d05b-4a87-8d7f-ded318820d3f,0.16454565543953048,0
male,middle,0.1642560474554161,413,middle,54242648-fd6e-4d01-8297-d1c0dfe0502a,0.1642560474554161,0
female,middle,0.1640904672384116,875,middle,48ebf3ab-5b94-48a9-8828-be1f4c1a5cbc,0.1640904672384116,0
male,middle,0.16384807794735937,21,middle,e1d467f1-2ba3-49c2-9cc3-42ad87bf1797,0.16384807794735937,0
male,middle,0.16316435127181975,941,middle,015a0015-f36d-4f8a-9ac1-ad614e28385f,0.16316435127181975,0
male,young,0.16306865472054716,67,young,0cb99f30-961c-4643-b35c-4c769a1670d4,0.16306865472054716,1
male,middle,0.16284767123701646,50,middle,f3989d9a-cd79-4e7e-8663-f64e4734f13e,0.16284767123701646,0
male,middle,0.16262920608378234,339,middle,c1f9ad3d-58f1-46d2-a337-d9b83d96ac3b,0.16262920608378234,0
male,old,0.16117801825033967,514,old,67eb6306-c8fb-4a71-a345-ec259c947591,0.16117801825033967,2
male,young,0.160778233315747,661,young,9e55d5ca-77b5-40da-b47f-6b50ab812e5f,0.160778233315747,1
female,young,0.16047855201044603,836,young,f1aa835e-d02a-46e5-bfbf-739c8e01236a,0.16047855201044603,1
male,middle,0.16042440790906812,488,middle,e522e7c7-481f-44d9-be0f-57510404a966,0.16042440790906812,0
male,middle,0.15949577361217968,824,middle,0d854172-5b8e-4736-921f-11953dee28a1,0.15949577361217968,0
female,old,0.1592684943029073,219,old,12d89c36-2c75-4fa4-b6cf-cc42a329869a,0.1592684943029073,2
male,old,0.15839416150304028,56,old,2fdd265c-17f9-4a91-baed-863f08ce2dc6,0.15839416150304028,2
male,middle,0.15812391318308136,358,middle,46d91bf9-dcdc-4b79-bfcb-c5ea63c181f2,0.15812391318308136,0
male,middle,0.15809117488922494,505,middle,aeda8e4c-6ef6-4ee0-933f-d32877d0ebb9,0.15809117488922494,0
male,old,0.1579098551078664,137,old,37f2c55c-015f-4f50-b9c5-868c71f38dc3,0.1579098551078664,2
female,middle,0.15784563768530188,171,middle,353f14e0-7003-4094-9c7e-1fe31f375e6c,0.15784563768530188,0
female,young,0.15671301863438505,367,young,c24f92d9-d7de-473e-bb02-f88f461587cc,0.15671301863438505,1
male,middle,0.15666831827161953,316,middle,0bc652c9-55ac-4cad-bbba-e724647233c4,0.15666831827161953,0
male,middle,0.15664691246409806,222,middle,22e2d13b-4539-4e62-ab2c-0c455cc51293,0.15664691246409806,0
male,young,0.15655436382569632,405,young,201778e3-57d6-4eb9-b466-d0d2b9abd129,0.15655436382569632,1
male,middle,0.15651847761896906,126,middle,8bc2a482-877b-48db-ba0b-d47c9c79a5cf,0.15651847761896906,0
male,middle,0.15651847761896906,318,middle,49328152-bb08-4d7d-adb0-d46f29f2e41f,0.15651847761896906,0
male,middle,0.1562930870574192,38,middle,cc32d1d0-96d9-44fb-9781-186fa06e45bf,0.1562930870574192,0
male,middle,0.1561545788911036,649,middle,4e854040-dfb8-4e0d-b41f-f24adab1c520,0.1561545788911036,0
male,old,0.15521272336015776,619,old,3a6117a2-85bd-4219-87c7-7bdbd9a39005,0.15521272336015776,2
male,middle,0.15519131755263627,127,middle,a29d7b81-e8ff-408a-9d7a-53cd838529ed,0.15519131755263627,0
female,young,0.15491304205485681,548,young,bc18604c-f7bf-4594-9315-71ba1ed2f801,0.15491304205485681,1
male,middle,0.15439237726602512,321,middle,6221c568-9ddb-479e-9c05-36962f62a0e6,0.15439237726602512,0
male,middle,0.15412543425458053,60,middle,d04c55bd-cd35-42bc-82d7-c274de6aaadb,0.15412543425458053,0
female,middle,0.15406121683201604,582,middle,d9a570d2-231e-40b3-aa57-7162ac5ade20,0.15406121683201604,0
male,young,0.1540354039464754,513,young,b12458a6-e828-4c14-b00c-0a4c24bfd9c4,0.1540354039464754,1
male,young,0.1525042591261142,741,young,0a728662-5161-4b42-b79d-5c85f7867f3e,0.1525042591261142,1
male,middle,0.15248159415344437,626,middle,30c05149-584e-456b-ade8-b10655cd5144,0.15248159415344437,0
male,young,0.15171098508267047,673,young,cd4503c2-9409-4240-ae9e-cf6e4c20f371,0.15171098508267047,1
female,middle,0.1515284061361636,896,middle,233c4dff-2d6c-48ce-9c3a-277a45950e36,0.1515284061361636,0
male,middle,0.1509718551406047,674,middle,1d1e8f57-dbf1-435c-84a5-e6fb1f268cdf,0.1509718551406047,0
male,middle,0.15055066439849052,932,middle,2b78d08d-a1fb-482b-96d0-8b4a45a4b727,0.15055066439849052,0
male,young,0.15030386802941914,930,young,8d43dbcb-64b7-4ce8-911a-985f68f4d883,0.15030386802941914,1
female,middle,0.1502679818226919,27,middle,3cdd69d9-45bf-4962-ae42-ad6afd72401c,0.1502679818226919,0
male,middle,0.14889675097616778,173,middle,eb762181-c6bc-4fc9-9d89-0c5ba0f054ee,0.14889675097616778,0
male,middle,0.14870976495164176,713,middle,363fb912-1ba5-4d0c-933a-6ce956f824dd,0.14870976495164176,0
female,middle,0.1484201569675274,466,middle,035a836d-a0f1-4098-bf00-968803101309,0.1484201569675274,0
male,middle,0.14781512811375802,159,middle,74fec21f-446d-4937-8edc-a36448c261fc,0.14781512811375802,0
male,middle,0.1473586807474908,342,middle,fe2931c7-d9c4-4a4b-aa9f-cad3ebaa1c66,0.1473586807474908,0
female,middle,0.14572302521981878,267,middle,942e8142-e1de-40fc-93f3-02a0f4f55f78,0.14572302521981878,0
male,middle,0.14538493937749394,535,middle,e14100a5-e06d-4ff3-b3c5-4191d4417e83,0.14538493937749394,0
female,middle,0.1452395058028626,475,middle,cd8ce7fc-9f26-44ce-88c1-51bd53b60e74,0.1452395058028626,0
female,young,0.1451079230448628,308,young,777d6798-8833-42cd-95cf-2ca08aa565ff,0.1451079230448628,1
male,young,0.1449895615209204,363,young,79f6db14-f2f3-4fb1-a88e-c2db72e72aac,0.1449895615209204,1
female,middle,0.1448781254052938,351,middle,5091149f-d67a-45ed-a108-e8175665e87a,0.1448781254052938,0
female,young,0.14472135934432753,144,young,927c20d1-921a-4001-ad1c-0f06d74d7165,0.14472135934432753,1
male,middle,0.14449722794792597,348,middle,e90c5bc1-8bbb-44e8-b902-73febdac79cb,0.14449722794792597,0
male,middle,0.14446008257605042,855,middle,ea511b48-256e-4ef8-8e75-b70ec4cc4a4a,0.14446008257605042,0
female,young,0.14432787023547647,296,young,89794301-8b60-40d5-a897-4d2b20b7dfe2,0.14432787023547647,1
female,middle,0.14400048729691242,601,middle,e32a78d3-a7c2-41b1-ba07-3926a6a2d8a3,0.14400048729691242,0
female,middle,0.1438481283139653,539,middle,6883a17b-eff4-46c2-8f88-7b2237ad3eda,0.1438481283139653,0
female,young,0.14301770889864604,258,young,4a9bcede-6f17-4320-aacc-fafbdfbe0c7c,0.14301770889864604,1
female,middle,0.14191279148099228,634,middle,a3236730-bd14-4cb5-afef-92f9429c484e,0.14191279148099228,0
female,old,0.1412605439341608,723,old,c914bbca-b656-4ed7-be33-0497f000abff,0.1412605439341608,2
female,middle,0.1402972825956934,936,middle,19f6c4e1-b72a-4363-b785-a1dcb87e0b68,0.1402972825956934,0
male,middle,0.14021606644362655,305,middle,668e0187-ebe5-4371-871e-4bf1a4fe271a,0.14021606644362655,0
male,middle,0.13964377588371357,847,middle,7f503e54-05d3-41ba-8742-74bd3cd4dbf0,0.13964377588371357,0
male,young,0.1395795584611491,355,young,36460a56-304d-42d0-bca3-06ad08d50a8f,0.1395795584611491,1
male,middle,0.13908990061409485,918,middle,e2ab9fb5-9424-4eec-aa88-61253cf001f1,0.13908990061409485,0
male,middle,0.1389373842355042,503,middle,7826c5d5-6141-4091-9854-fcc4d267e298,0.1389373842355042,0
female,young,0.13874473196781073,504,young,27daad25-716f-45be-bb85-a64d4943c81b,0.13874473196781073,1
male,middle,0.13861629712268175,481,middle,e8f1cbba-53b7-4a46-9db5-0d424a92d398,0.13861629712268175,0
female,old,0.13835124285895967,908,old,60f541ca-9ac8-4216-8f16-9596e6c6a81f,0.13835124285895967,2
male,middle,0.13834935411123717,472,middle,ba51b666-9826-45df-8422-50c71dc034e7,0.13834935411123717,0
female,old,0.13715078628567687,779,old,da00e84d-1f0c-4abf-93fd-b1df9cdde15b,0.13715078628567687,2
female,middle,0.13676973143266552,196,middle,2a771484-3ba7-4b38-a010-ed2a877a42a7,0.13676973143266552,0
male,middle,0.13659848497249355,25,middle,691b50c9-fac2-4b13-8fb7-504cbc385529,0.13659848497249355,0
male,old,0.13582787590171966,816,old,aea733c5-0624-4cfa-a0c8-b33be140e9f1,0.13582787590171966,2
male,old,0.13499304940838125,756,old,4c7f13bd-df91-4fd6-be09-73ba77878fd9,0.13499304940838125,2
male,old,0.13482746919137675,289,old,5f14720c-5223-4585-86d2-4221924c797f,0.13482746919137675,2
male,young,0.13415381583702374,39,young,3f7e5308-2522-4603-8053-6976546cadfe,0.13415381583702374,1
female,middle,0.13366588934204843,492,middle,2c387d7d-ca5e-4843-aa34-6424f8931339,0.13366588934204843,0
male,old,0.13364448353452693,695,old,b262b4e9-6bc8-4724-bc71-b0c60c151e73,0.13364448353452693,2
male,middle,0.1333233964217045,792,middle,e9d27b95-cae8-46cd-825c-04ddd3ef23e0,0.1333233964217045,0
male,middle,0.1329651639370065,579,middle,da9d539b-b96e-433d-88f7-a98c622a60e0,0.1329651639370065,0
male,middle,0.13295949769383905,247,middle,ba23e9e2-7676-4572-97b3-ecc10a46c8e3,0.13295949769383905,0
female,middle,0.1327751873952532,172,middle,e8b135cc-1c90-428c-8f8e-3dcbc28851e0,0.1327751873952532,0
male,middle,0.1311143485646147,950,middle,34a1c2cc-928c-4899-b29b-35deaaf52898,0.1311143485646147,0
male,young,0.13025795886811128,309,young,a0194798-2b8b-4e9d-83e3-cd867cc1e862,0.13025795886811128,1
female,middle,0.1297202953497772,866,middle,0c178d07-8df8-454a-bf7a-eb22604d6927,0.1297202953497772,0
female,old,0.12959878591296398,664,old,e65e489a-2e41-4680-990e-131a383ace13,0.12959878591296398,2
male,middle,0.1276163877825724,235,middle,85a8aa46-1297-42df-8584-e184152a14de,0.1276163877825724,0
female,middle,0.12734425071489103,556,middle,b52dfd79-f29b-4d3b-91e7-a76a2865064d,0.12734425071489103,0
female,young,0.12713711804799183,102,young,af3ff0d3-dea3-432e-8525-78d0957b7b08,0.12713711804799183,1
male,middle,0.12394765272728876,55,middle,27a064cb-d18c-4366-ab2c-02e01fef5746,0.12394765272728876,0
male,middle,0.12338685204935423,352,middle,c362e3ca-7f8f-4bc9-b128-fa6dca1cf1e4,0.12338685204935423,0
female,old,0.12330547850164385,976,old,9ce68242-daab-4283-bbbf-698d3d1ff583,0.12330547850164385,2
male,middle,0.12248513240751116,608,middle,46ebbd6b-efa5-4054-8876-b6200e998c9a,0.12248513240751116,0
male,middle,0.1205674238866147,990,middle,38f9e64d-5219-4b79-a380-23c19a20ebca,0.1205674238866147,0
female,young,0.12017330519518948,842,young,01108d63-ea7b-4b70-91b4-9625bf33b32c,0.12017330519518948,1
male,middle,0.12010908777262498,876,middle,3a096f91-eb86-45e5-bc78-4ab92cdfa7c4,0.12010908777262498,0
male,middle,0.11985221808236704,559,middle,1b21b327-9495-4454-87ab-5a4f0c666173,0.11985221808236704,0
female,middle,0.11976659485228104,124,middle,7c8d23df-ad74-4880-87c3-06abb295bc79,0.11976659485228104,0
male,middle,0.1197540032007978,940,middle,185e653d-f2fe-4402-b032-fd673aff76ff,0.1197540032007978,0
male,middle,0.11953113096954457,30,middle,303927a0-de4d-4f84-bea5-f5b740464866,0.11953113096954457,0
male,middle,0.11938569739491324,132,middle,005e8b82-4819-4b5f-99e5-2a00feda9b94,0.11938569739491324,0
female,middle,0.11827511373409201,451,middle,eba470e4-b335-4c5d-abf5-e4ddab0562d5,0.11827511373409201,0
male,middle,0.11734522027205523,344,middle,e7ab1c4d-52e3-4f42-97b1-113c92e7a526,0.11734522027205523,0
male,middle,0.11712754209703882,545,middle,1c9ab4c6-837d-4dd4-8c7a-15734bc2c1ba,0.11712754209703882,0
male,young,0.11642870543971935,655,young,9317dc1b-b5e5-491e-8942-41e6e2a0b76a,0.11642870543971935,1
female,old,0.11493580776073847,379,old,6e5680ee-487d-46b0-a129-23c6b075a2df,0.11493580776073847,2
female,middle,0.11413072904402922,972,middle,e822a3a2-2beb-4ec4-8ac8-3ead688e2e1e,0.11413072904402922,0
female,middle,0.1125383573183308,725,middle,c35af31e-d6d3-460e-8fdb-b85ea8a5fcb9,0.1125383573183308,0
male,middle,0.11139692411137567,948,middle,53cfcfc3-127c-4f49-808d-1c40c443ff98,0.11139692411137567,0
female,middle,0.11123008472922283,834,middle,a850e0c0-bede-4ebb-9b41-eddd7c54c868,0.11123008472922283,0
male,old,0.11112746276963448,581,old,c0b35081-8214-4e34-8e48-bddd5a1eedb2,0.11112746276963448,2
male,middle,0.11087940723541477,693,middle,85e8b74d-6fac-4c44-9f80-4ea674c52d19,0.11087940723541477,0
male,middle,0.11011257566008584,400,middle,caff5e30-8ced-41c4-aa5e-e1768a09f158,0.11011257566008584,0
female,middle,0.1096844595096559,679,middle,30700350-dd4a-4e26-8c37-d5820766c286,0.1096844595096559,0
female,middle,0.1088370413648343,462,middle,f224c838-88bb-4b53-bf73-f1bb001abdfa,0.1088370413648343,0
female,middle,0.10863179744565758,278,middle,8511b977-eb0e-44a5-9f76-29420c99df4e,0.10863179744565758,0
female,middle,0.10780956260380242,707,middle,8e48892d-0eaa-43fa-96b3-1d60d80de4d9,0.10780956260380242,0
male,middle,0.10720406156310244,364,middle,d9b227c6-c8fc-4d94-bd7c-ee88d1cf1f3c,0.10720406156310244,0
female,middle,0.10630234192125937,86,middle,60c98fb8-6549-47be-b2d7-188b0d773e04,0.10630234192125937,0
female,young,0.1046112831270611,831,young,a0bb4c66-b8c9-4812-beb1-b285716e6e40,0.1046112831270611,1
male,middle,0.10392897301231338,376,middle,9c277891-70d2-49ec-9604-eccb22b0422b,0.10392897301231338,0
female,young,0.10268476045012634,386,young,7eee0410-d350-4f9e-a2cd-17503b68e62b,0.10268476045012634,1
female,middle,0.10116494811610006,161,middle,542d37fc-1e3f-49fb-837b-621050d51bbe,0.10116494811610006,0
female,young,0.10103651327097107,926,young,2723193f-8650-45b5-abe2-2909b5065dc3,0.10103651327097107,1
female,old,0.10091248550386124,944,old,bece9e17-8f97-4b80-8729-9c720de14aa5,0.10091248550386124,2
female,middle,0.09947829639992094,809,middle,990029e3-3e73-4051-940b-71854bb22e31,0.09947829639992094,0
female,young,0.09947388932190179,751,young,373618d7-6def-4872-8691-fd83b501b8ba,0.09947388932190179,1
male,middle,0.09946129767041856,416,middle,b179ae26-967a-4c91-b249-7edd8a10a6a8,0.09946129767041856,0
male,middle,0.09825816537119558,461,middle,3f2d6be8-d1fb-4fd2-a79f-256f528a3dbf,0.09825816537119558,0
male,middle,0.09659291946253795,104,middle,dcb66926-9e91-4e42-9fa4-64cd6098684b,0.09659291946253795,0
female,young,0.09495033852655012,336,young,f58f9082-c922-45a6-91fa-2c65c2e15002,0.09495033852655012,1
female,middle,0.09491193398952628,767,middle,d6fe6276-5ba8-4eed-b028-d3e0e3d3ee46,0.09491193398952628,0
male,young,0.09232875668774089,632,young,9a9c4f1a-c727-4b43-bb05-e55a220129b8,0.09232875668774089,1
female,young,0.0908544316946978,746,young,ecdc3230-9a61-470b-8799-b6c0857a9d36,0.0908544316946978,1
female,middle,0.09072772820164775,66,middle,586dd63b-9ec1-4334-a0ec-1713b99dd9e1,0.09072772820164775,0
male,middle,0.088442973040015,745,middle,4f6b70ee-bb05-4301-a0bc-7a90927fd277,0.088442973040015,0
male,middle,0.08696030607786424,553,middle,d33d8848-ec3e-4366-89c2-ffe96622b64c,0.08696030607786424,0
female,young,0.08402771044741915,623,young,58cea5f9-3154-4091-ac3d-bd2bedcb8d29,0.08402771044741915,1
male,middle,0.08395908594683554,407,middle,f70b77f8-8886-4a77-9515-468debc63a8c,0.08395908594683554,0
male,middle,0.08287179684125831,23,middle,437b1c69-720e-4bb3-a5b4-5d1bcf72a9d1,0.08287179684125831,0
male,middle,0.08114060215795724,947,middle,faa2089c-bbb3-48b5-8262-93508e74ea07,0.08114060215795724,0
male,old,0.08078410102533819,22,old,b77581e3-5c9b-4d0c-92da-8d7e18219a16,0.08078410102533819,2
female,young,0.08012744640048755,873,young,1f48f258-486d-4726-afa8-722ae43f1cbb,0.08012744640048755,1
female,old,0.07974041051302165,429,old,8a77c433-2aec-4a09-b96f-6e34ad36ea63,0.07974041051302165,2
female,young,0.07875054931079595,372,young,175d2357-261c-494b-be12-0e60816b3cab,0.07875054931079595,1
female,middle,0.07847746786925333,166,middle,b101a89a-0139-420b-82db-0983160fe522,0.07847746786925333,0
female,middle,0.078450868005495,117,middle,99c4e0e3-bec0-463c-95d4-868e3a4ceb48,0.078450868005495,0
female,old,0.07777107622104391,883,old,e0f1dacd-c326-4e15-bf4c-6bd7c7b426d4,0.07777107622104391,2
male,young,0.0770922288104541,540,young,4a7369f3-2e80-4748-8649-47661f667fb6,0.0770922288104541,1
female,young,0.07634743262522083,795,young,70a4573f-2c5c-4f42-84be-5b8489658abc,0.07634743262522083,1
female,middle,0.07621459070207272,638,middle,517b3e38-e3dd-497a-9859-5f6e6e777069,0.07621459070207272,0
female,middle,0.07580788035916426,34,middle,6e3f880c-a628-444f-9e45-35fe802abc80,0.07580788035916426,0
female,old,0.07512557024441655,396,old,02eb6f49-a607-44e9-9d76-a08a967db262,0.07512557024441655,2
male,young,0.07274684988359018,555,young,10b6cdb4-9c20-4725-99da-c78f0a2c4b9c,0.07274684988359018,1
male,middle,0.0727254440760687,383,middle,3b6483b6-22e2-45fd-97b0-dbc8607e3f9c,0.0727254440760687,0
female,young,0.0722916616824713,167,young,f835bea3-9a6c-4114-8261-e15e5684d47d,0.0722916616824713,1
female,middle,0.0719762408128163,10,middle,38db5746-0483-4bc3-9133-e3f8783b0b3b,0.0719762408128163,0
female,middle,0.07152671885486485,747,middle,58407335-5d86-4e15-a7b7-a80437d3842b,0.07152671885486485,0
female,young,0.0711842259345209,797,young,fbb0cd8b-321e-47b3-bc5a-1b753fb208f8,0.0711842259345209,1
female,middle,0.07032185520356293,640,middle,003fe5f5-7b11-4c5d-beb4-8d35a8af0cee,0.07032185520356293,0
female,young,0.06980984717512596,111,young,5972f612-0e90-44a5-8a5d-d679a584ff0f,0.06980984717512596,1
female,young,0.06947616841082026,633,young,54bd0a70-3f02-472d-afac-52bfbf3fa7e2,0.06947616841082026,1
male,middle,0.06900350929326839,412,middle,dfab9862-5fb8-444d-8fc5-85b7713f9ad1,0.06900350929326839,0
male,young,0.06885665915784515,346,young,d45f6216-3658-45c2-a265-b9c55c123dcd,0.06885665915784515,1
female,middle,0.06835299309851582,45,middle,2cc14a37-7967-441c-8483-30f33cdfb592,0.06835299309851582,0
male,old,0.06797728969738485,187,old,8d9f4770-72ea-4e32-b190-c240aacfa2c6,0.06797728969738485,2
female,middle,0.06550476153300838,600,middle,bbff0a7c-132e-4381-9e6f-83ac760fc70a,0.06550476153300838,0
female,young,0.0652976288661092,391,young,758190bf-7e39-4f94-a7f2-a93eb1beaaf0,0.0652976288661092,1
female,middle,0.06461264302542129,197,middle,d5b9fa8f-b6c3-4042-bf07-6c9fba17757c,0.06461264302542129,0
female,young,0.06353621421924835,249,young,13a3c630-70b1-4518-8af4-650eb4388251,0.06353621421924835,1
female,young,0.06284036807915615,931,young,91ea74c9-ec27-4fa5-ad0a-05c4dfb6f260,0.06284036807915615,1
female,young,0.062150975160449116,783,young,2fc82a66-6745-4e37-9d18-c77b2ea34117,0.062150975160449116,1
female,old,0.061273337052067736,885,old,83a2d6a5-3780-4634-a5f4-184c394998bb,0.061273337052067736,2
male,middle,0.06025026536905501,799,middle,21fb4382-89d9-45cc-812a-ac436e8b2271,0.06025026536905501,0
female,young,0.060106090959571985,604,young,47795537-15c3-458b-ab34-e5f6c631f2f6,0.060106090959571985,1
male,middle,0.059817742140605944,307,middle,53494116-47e1-4abb-960f-9a384294683e,0.059817742140605944,0
male,middle,0.05975620044398164,128,middle,4c424e5d-9cc2-417b-bf0b-d80cd45e9ac0,0.05975620044398164,0
male,old,0.05917556791496103,925,old,e67815e0-1743-41de-a22a-d9810d596430,0.05917556791496103,2
male,middle,0.05763434977341324,220,middle,e66110fb-12c0-4467-ad77-769e235f7d7c,0.05763434977341324,0
male,middle,0.05753172781382487,878,middle,04ddcdb3-22c3-435e-9906-430993938f28,0.05753172781382487,0
female,middle,0.05729185685306928,439,middle,598858c7-e344-43b9-9282-ff575260433e,0.05729185685306928,0
female,young,0.05633300259262105,922,young,bf4c08ce-1862-4c17-b8ec-62857ffea3be,0.05633300259262105,1
female,old,0.05582319810319361,987,old,da51dc45-8c96-43ff-b5e2-fefecb7d2674,0.05582319810319361,2
male,middle,0.05571223417449762,720,middle,dd7fd136-9b4d-42d0-a9f8-0b9007549f86,0.05571223417449762,0
male,middle,0.05428072079649751,394,middle,48dd1bca-1561-46f5-aac6-c3f015a516a0,0.05428072079649751,0
male,middle,0.05408979988088298,937,middle,0c2551fc-1185-4532-b744-ebce8dba0642,0.05408979988088298,0
female,young,0.053550247614826414,350,young,00d0062a-9acd-4c53-aed3-e31bf0558527,0.053550247614826414,1
male,old,0.05162199358581274,774,old,a2831239-6b12-4438-8e54-72b6e5d552cb,0.05162199358581274,2
female,old,0.042851750932097,680,old,b5ee57ee-360f-4b75-a2fe-a90f524f2c56,0.042851750932097,2
male,middle,0.04078672008884669,810,middle,34041d90-e5e3-4e8b-88fa-c4b80b9615b3,0.04078672008884669,0
female,middle,0.039763176218903344,697,middle,decd8fd0-1ee1-4fbb-942b-d996dc978825,0.039763176218903344,0
male,middle,0.03906292300079202,516,middle,fdcc5260-6313-4151-94e1-2b60a6191b6f,0.03906292300079202,0
female,old,0.038922683482397503,259,old,f4704378-21d2-43f7-907d-938cb7412c8b,0.038922683482397503,2
female,young,0.03580310182742638,610,young,ee1d0f8e-2568-410b-b757-e5497b2ec0bc,0.03580310182742638,1
male,middle,0.03046786169833677,314,middle,86d2dd6d-b7aa-4ec6-9a8e-0449c6224d0e,0.03046786169833677,0
female,middle,0.029858425766548263,595,middle,707ef038-29b4-4895-bb20-e5c5746a49f1,0.029858425766548263,0
male,middle,0.025686969025796515,432,middle,7b0674bc-0043-4f43-840b-cedde59b3ff6,0.025686969025796515,0
male,middle,0.025106336496775905,140,middle,6b19dcee-fc3d-49bb-a9e9-976dd6edac91,0.025106336496775905,0
female,middle,0.024549785501216982,562,middle,c92da003-8577-4a2e-8319-868bc6a8375b,0.024549785501216982,0
male,middle,0.02410026354326554,529,middle,913ef19f-2d85-4641-966e-7c3fe8650587,0.02410026354326554,0
male,middle,0.022559045401717753,806,middle,86ea8865-d08b-46af-aa66-dfca21d148af,0.022559045401717753,0
male,young,0.019647855578794154,964,young,853f0958-e31f-477c-bd2c-d7b35802c16f,0.019647855578794154,1
female,young,0.01951942073366517,471,young,4e45deab-866b-47f9-ab51-b17f023967eb,0.01951942073366517,1
female,young,0.019198333620842712,721,young,0d9d1ff4-05ad-41f5-a0a1-419794ddc732,0.019198333620842712,1
female,middle,0.017271810943907975,458,middle,c701867f-11b8-4a87-aedc-2c14ae823406,0.017271810943907975,0
female,old,0.015026876880090963,536,old,c89eb067-7596-4bb9-86d2-6e034a5cf511,0.015026876880090963,2
female,young,0.014555949114618027,47,young,b6c96ab1-2ff4-4a18-9158-a63e6689b8a9,0.014555949114618027,1
male,middle,0.012115687057167356,473,middle,368d42a0-ab29-45f6-8ad8-9bc0286bfdde,0.012115687057167356,0
male,old,0.01149491863904394,485,old,1868cfb3-eeaa-4c76-9ae9-bed3731c363c,0.01149491863904394,2
female,young,0.011352475581639864,837,young,e63be21c-da7b-45a6-88da-66decae2e1bc,0.011352475581639864,1
male,middle,0.008091395243125903,663,middle,2f13aa0a-e184-43b0-bb45-18e805e49a71,0.008091395243125903,0
female,old,0.0,300,old,4541fe84-7df5-4647-bfaa-e10f04aa4e13,0.0,2
