,Sex_Code_Text,Ethnic_Code_Text,DateOfBirth,RawScore,z,id,quality,quality_norm
0,Male,Other,12/12/48,3.21,Male,58381,1.0,1.0
1,Female,Caucasian,07/29/50,2.87,Female,13111,0.9389587073608617,1.0
2,Female,Caucasian,08/13/32,2.82,Female,11764,0.9299820466786355,0.9886104783599087
3,Female,Hispanic,05/22/46,2.82,Female,35926,0.9299820466786355,0.9886104783599087
4,Female,African-American,09/24/56,2.81,Female,27061,0.9281867145421903,0.9863325740318905
5,Male,Caucasian,07/20/44,3.1,Male,57880,0.9802513464991023,0.9802513464991023
6,Female,Caucasian,01/02/51,2.78,Female,24610,0.9228007181328545,0.9794988610478359
7,Female,Caucasian,07/16/57,2.77,Female,48574,0.9210053859964092,0.9772209567198177
8,Female,Hispanic,03/14/43,2.77,Female,18613,0.9210053859964092,0.9772209567198177
9,Male,Caucasian,03/06/44,3.05,Male,41305,0.9712746858168761,0.9712746858168761
10,Female,African-American,07/14/55,2.74,Female,37216,0.9156193895870735,0.9703872437357628
11,Male,African-American,06/01/45,3.04,Male,42010,0.9694793536804309,0.9694793536804309
12,Female,Caucasian,01/21/47,2.73,Female,33706,0.9138240574506283,0.9681093394077449
13,Male,Caucasian,05/06/44,3.03,Male,40153,0.9676840215439856,0.9676840215439856
14,Female,Caucasian,05/30/48,2.72,Female,46642,0.9120287253141831,0.9658314350797267
15,Female,African-American,11/12/52,2.71,Female,39904,0.9102333931777379,0.9635535307517085
16,Female,Caucasian,11/16/45,2.71,Female,25288,0.9102333931777379,0.9635535307517085
17,Male,Caucasian,01/27/54,3.0,Male,9070,0.9622980251346498,0.9622980251346498
18,Female,Caucasian,08/29/48,2.69,Female,52276,0.9066427289048473,0.9589977220956718
19,Male,Caucasian,10/14/30,2.98,Male,34711,0.9587073608617593,0.9587073608617593
20,Male,Caucasian,07/10/41,2.97,Male,6694,0.9569120287253141,0.9569120287253141
21,Male,Hispanic,03/11/56,2.97,Male,50836,0.9569120287253141,0.9569120287253141
22,Male,African-American,11/05/54,2.97,Male,40231,0.9569120287253141,0.9569120287253141
23,Female,Caucasian,08/07/41,2.68,Female,28174,0.9048473967684021,0.9567198177676536
24,Male,Caucasian,02/23/38,2.96,Male,42475,0.955116696588869,0.955116696588869
25,Male,Caucasian,12/24/35,2.96,Male,7627,0.955116696588869,0.955116696588869
26,Female,Caucasian,04/03/61,2.67,Female,57013,0.9030520646319568,0.9544419134396354
27,Female,Caucasian,01/30/60,2.67,Female,33244,0.9030520646319568,0.9544419134396354
28,Female,Other,05/04/56,2.67,Female,32062,0.9030520646319568,0.9544419134396354
29,Female,Caucasian,01/18/61,2.67,Female,39004,0.9030520646319568,0.9544419134396354
30,Male,Hispanic,03/24/49,2.95,Male,22657,0.9533213644524238,0.9533213644524238
31,Male,African-American,08/02/50,2.95,Male,47128,0.9533213644524238,0.9533213644524238
32,Male,Caucasian,07/26/44,2.95,Male,55780,0.9533213644524238,0.9533213644524238
33,Male,African-American,01/06/47,2.94,Male,51328,0.9515260323159783,0.9515260323159783
34,Male,African-American,11/12/45,2.94,Male,6397,0.9515260323159783,0.9515260323159783
35,Female,Caucasian,11/21/45,2.65,Female,52012,0.8994614003590663,0.9498861047835989
36,Female,Other,07/10/55,2.65,Female,47596,0.8994614003590663,0.9498861047835989
37,Female,Caucasian,02/09/50,2.65,Female,36823,0.8994614003590663,0.9498861047835989
38,Female,Caucasian,08/04/53,2.65,Female,54136,0.8994614003590663,0.9498861047835989
39,Female,Caucasian,02/15/62,2.65,Female,45886,0.8994614003590663,0.9498861047835989
40,Male,Hispanic,08/16/55,2.93,Male,14416,0.9497307001795332,0.9497307001795332
41,Male,Caucasian,10/09/38,2.92,Male,37024,0.9479353680430878,0.9479353680430878
42,Male,Caucasian,04/04/49,2.92,Male,19699,0.9479353680430878,0.9479353680430878
43,Female,Other,10/07/52,2.64,Female,19807,0.8976660682226212,0.9476082004555808
44,Female,Caucasian,12/11/58,2.64,Female,5881,0.8976660682226212,0.9476082004555808
45,Female,Caucasian,08/30/48,2.64,Female,23743,0.8976660682226212,0.9476082004555808
46,Male,Other,10/07/54,2.91,Male,25816,0.9461400359066426,0.9461400359066426
47,Male,African-American,08/15/53,2.91,Male,33760,0.9461400359066426,0.9461400359066426
48,Female,Caucasian,03/09/58,2.63,Female,44302,0.895870736086176,0.9453302961275626
49,Female,Caucasian,01/19/55,2.63,Female,2605,0.895870736086176,0.9453302961275626
50,Male,Caucasian,07/07/49,2.9,Male,5590,0.9443447037701974,0.9443447037701974
51,Male,Caucasian,03/21/49,2.9,Male,55690,0.9443447037701974,0.9443447037701974
52,Male,Caucasian,01/16/50,2.9,Male,9838,0.9443447037701974,0.9443447037701974
53,Female,Caucasian,09/21/59,2.62,Female,16504,0.8940754039497307,0.9430523917995444
54,Female,Hispanic,11/17/60,2.62,Female,38989,0.8940754039497307,0.9430523917995444
55,Female,Hispanic,09/01/53,2.62,Female,59452,0.8940754039497307,0.9430523917995444
56,Male,Caucasian,04/07/47,2.89,Male,57970,0.9425493716337522,0.9425493716337522
57,Female,Caucasian,05/13/56,2.61,Female,24823,0.8922800718132854,0.9407744874715261
58,Male,Other,01/31/52,2.88,Male,47458,0.940754039497307,0.940754039497307
59,Male,Caucasian,12/10/49,2.88,Male,40096,0.940754039497307,0.940754039497307
60,Male,Caucasian,09/09/44,2.87,Male,36730,0.9389587073608617,0.9389587073608617
61,Male,African-American,08/24/50,2.87,Male,48532,0.9389587073608617,0.9389587073608617
62,Male,Caucasian,05/11/57,2.87,Male,31837,0.9389587073608617,0.9389587073608617
63,Male,Caucasian,02/09/47,2.87,Male,17254,0.9389587073608617,0.9389587073608617
64,Male,Caucasian,10/22/46,2.87,Male,43339,0.9389587073608617,0.9389587073608617
65,Female,Caucasian,12/02/46,2.6,Female,30997,0.8904847396768402,0.9384965831435079
66,Female,Caucasian,03/02/54,2.6,Female,54448,0.8904847396768402,0.9384965831435079
67,Male,Other,08/31/53,2.86,Male,60706,0.9371633752244164,0.9371633752244164
68,Male,Other,03/18/53,2.86,Male,59551,0.9371633752244164,0.9371633752244164
69,Female,Caucasian,10/16/50,2.59,Female,7624,0.8886894075403948,0.9362186788154895
70,Female,African-American,12/05/60,2.59,Female,9712,0.8886894075403948,0.9362186788154895
71,Female,Other,04/06/62,2.59,Female,56938,0.8886894075403948,0.9362186788154895
72,Female,Caucasian,11/28/63,2.59,Female,57484,0.8886894075403948,0.9362186788154895
73,Female,Caucasian,01/03/63,2.59,Female,30658,0.8886894075403948,0.9362186788154895
74,Male,Caucasian,11/13/47,2.85,Male,21124,0.9353680430879712,0.9353680430879712
75,Male,Hispanic,11/23/47,2.85,Male,13603,0.9353680430879712,0.9353680430879712
76,Female,Caucasian,01/16/51,2.58,Female,11761,0.8868940754039496,0.9339407744874713
77,Female,Caucasian,08/06/50,2.58,Female,46939,0.8868940754039496,0.9339407744874713
78,Male,Other,12/13/53,2.84,Male,42745,0.9335727109515258,0.9335727109515258
79,Male,Caucasian,02/18/50,2.83,Male,1177,0.9317773788150806,0.9317773788150806
80,Male,Caucasian,08/20/46,2.83,Male,24025,0.9317773788150806,0.9317773788150806
81,Male,Caucasian,09/18/55,2.83,Male,3043,0.9317773788150806,0.9317773788150806
82,Male,Arabic,09/27/39,2.83,Male,24421,0.9317773788150806,0.9317773788150806
83,Male,Other,09/24/49,2.83,Male,37594,0.9317773788150806,0.9317773788150806
84,Female,African-American,01/03/60,2.57,Female,23821,0.8850987432675044,0.931662870159453
85,Female,Hispanic,06/24/62,2.57,Female,20623,0.8850987432675044,0.931662870159453
86,Female,Hispanic,06/28/61,2.57,Female,14404,0.8850987432675044,0.931662870159453
87,Male,African-American,01/22/38,2.82,Male,8566,0.9299820466786355,0.9299820466786355
88,Male,Hispanic,03/07/33,2.82,Male,448,0.9299820466786355,0.9299820466786355
89,Female,Caucasian,10/08/63,2.56,Female,29056,0.8833034111310591,0.9293849658314348
90,Male,Hispanic,03/11/56,2.81,Male,50407,0.9281867145421903,0.9281867145421903
91,Male,Caucasian,03/22/52,2.81,Male,26779,0.9281867145421903,0.9281867145421903
92,Male,Caucasian,04/15/42,2.81,Male,922,0.9281867145421903,0.9281867145421903
93,Male,African-American,02/12/50,2.81,Male,13054,0.9281867145421903,0.9281867145421903
94,Female,African-American,06/08/41,2.55,Female,27532,0.881508078994614,0.9271070615034169
95,Female,Caucasian,04/18/61,2.55,Female,13507,0.881508078994614,0.9271070615034169
96,Female,Caucasian,08/17/56,2.55,Female,35113,0.881508078994614,0.9271070615034169
97,Male,Hispanic,01/28/48,2.8,Male,22597,0.926391382405745,0.926391382405745
98,Male,African-American,07/29/38,2.8,Male,39745,0.926391382405745,0.926391382405745
99,Male,Caucasian,04/24/48,2.8,Male,12919,0.926391382405745,0.926391382405745
100,Female,Caucasian,11/23/63,2.54,Female,52702,0.8797127468581688,0.9248291571753987
101,Female,African-American,04/17/46,2.54,Female,2791,0.8797127468581688,0.9248291571753987
102,Male,Caucasian,03/06/55,2.79,Male,14980,0.9245960502692998,0.9245960502692998
103,Male,Caucasian,10/05/54,2.79,Male,6208,0.9245960502692998,0.9245960502692998
104,Male,Caucasian,07/06/54,2.79,Male,346,0.9245960502692998,0.9245960502692998
105,Male,Other,08/02/55,2.79,Male,36463,0.9245960502692998,0.9245960502692998
106,Male,African-American,06/18/50,2.78,Male,46597,0.9228007181328545,0.9228007181328545
107,Male,Caucasian,03/15/52,2.78,Male,55552,0.9228007181328545,0.9228007181328545
108,Male,Other,05/21/50,2.78,Male,57565,0.9228007181328545,0.9228007181328545
109,Male,Other,04/18/47,2.78,Male,19468,0.9228007181328545,0.9228007181328545
110,Female,African-American,08/15/59,2.53,Female,28333,0.8779174147217235,0.9225512528473803
111,Female,African-American,04/15/66,2.53,Female,59614,0.8779174147217235,0.9225512528473803
112,Female,Caucasian,12/08/55,2.53,Female,46567,0.8779174147217235,0.9225512528473803
113,Female,Other,05/15/56,2.53,Female,51499,0.8779174147217235,0.9225512528473803
114,Male,Other,10/16/53,2.77,Male,19912,0.9210053859964092,0.9210053859964092
115,Male,Caucasian,08/14/50,2.77,Male,39235,0.9210053859964092,0.9210053859964092
116,Male,Caucasian,05/11/45,2.77,Male,35263,0.9210053859964092,0.9210053859964092
117,Male,Caucasian,06/15/53,2.77,Male,427,0.9210053859964092,0.9210053859964092
118,Female,African-American,11/05/40,2.52,Female,39973,0.8761220825852782,0.920273348519362
119,Female,African-American,09/27/66,2.52,Female,34852,0.8761220825852782,0.920273348519362
120,Female,Hispanic,06/06/60,2.52,Female,33430,0.8761220825852782,0.920273348519362
121,Female,Caucasian,03/20/55,2.52,Female,22627,0.8761220825852782,0.920273348519362
122,Male,African-American,11/24/50,2.76,Male,43327,0.9192100538599639,0.9192100538599639
123,Male,Hispanic,04/09/47,2.76,Male,39727,0.9192100538599639,0.9192100538599639
124,Male,Caucasian,04/04/48,2.76,Male,38893,0.9192100538599639,0.9192100538599639
125,Male,Caucasian,05/09/49,2.76,Male,49912,0.9192100538599639,0.9192100538599639
126,Male,Caucasian,12/05/61,2.76,Male,25750,0.9192100538599639,0.9192100538599639
127,Female,Hispanic,08/15/52,2.51,Female,33637,0.8743267504488329,0.9179954441913438
128,Female,Caucasian,12/08/64,2.51,Female,32821,0.8743267504488329,0.9179954441913438
129,Male,African-American,05/27/51,2.75,Male,40177,0.9174147217235187,0.9174147217235187
130,Male,African-American,06/24/57,2.75,Male,16831,0.9174147217235187,0.9174147217235187
131,Male,Caucasian,05/02/51,2.75,Male,49870,0.9174147217235187,0.9174147217235187
132,Male,Caucasian,10/09/44,2.75,Male,16636,0.9174147217235187,0.9174147217235187
133,Female,Caucasian,08/18/52,2.5,Female,51949,0.8725314183123877,0.9157175398633256
134,Female,Caucasian,01/28/48,2.5,Female,37228,0.8725314183123877,0.9157175398633256
135,Female,African-American,08/21/40,2.5,Female,19789,0.8725314183123877,0.9157175398633256
136,Male,Hispanic,01/14/35,2.74,Male,24397,0.9156193895870735,0.9156193895870735
137,Male,African-American,01/06/54,2.74,Male,40450,0.9156193895870735,0.9156193895870735
138,Male,Hispanic,06/18/55,2.74,Male,41362,0.9156193895870735,0.9156193895870735
139,Male,Caucasian,02/09/47,2.74,Male,55168,0.9156193895870735,0.9156193895870735
140,Male,African-American,08/27/52,2.74,Male,59542,0.9156193895870735,0.9156193895870735
141,Male,Hispanic,01/23/54,2.74,Male,54358,0.9156193895870735,0.9156193895870735
142,Male,Hispanic,01/13/55,2.74,Male,484,0.9156193895870735,0.9156193895870735
143,Male,Caucasian,12/21/47,2.73,Male,59704,0.9138240574506283,0.9138240574506283
144,Male,Caucasian,11/17/62,2.73,Male,58633,0.9138240574506283,0.9138240574506283
145,Male,Caucasian,08/14/48,2.73,Male,7606,0.9138240574506283,0.9138240574506283
146,Male,Other,07/07/55,2.73,Male,4891,0.9138240574506283,0.9138240574506283
147,Male,Caucasian,03/11/62,2.73,Male,31447,0.9138240574506283,0.9138240574506283
148,Male,Caucasian,12/26/59,2.73,Male,7987,0.9138240574506283,0.9138240574506283
149,Male,African-American,05/31/56,2.73,Male,21778,0.9138240574506283,0.9138240574506283
150,Male,Caucasian,12/01/42,2.73,Male,45982,0.9138240574506283,0.9138240574506283
151,Male,Caucasian,10/03/56,2.73,Male,48802,0.9138240574506283,0.9138240574506283
152,Male,Caucasian,06/28/53,2.73,Male,25066,0.9138240574506283,0.9138240574506283
153,Female,Hispanic,06/30/63,2.49,Female,45241,0.8707360861759424,0.9134396355353074
154,Female,Hispanic,05/21/53,2.49,Female,8830,0.8707360861759424,0.9134396355353074
155,Female,African-American,07/14/56,2.49,Female,59095,0.8707360861759424,0.9134396355353074
156,Female,African-American,03/28/63,2.49,Female,23311,0.8707360861759424,0.9134396355353074
157,Female,African-American,10/16/48,2.49,Female,2686,0.8707360861759424,0.9134396355353074
158,Female,Caucasian,12/06/50,2.49,Female,1570,0.8707360861759424,0.9134396355353074
159,Female,Other,05/12/51,2.49,Female,26002,0.8707360861759424,0.9134396355353074
160,Female,Hispanic,01/14/55,2.49,Female,27238,0.8707360861759424,0.9134396355353074
161,Female,Caucasian,02/28/62,2.49,Female,20044,0.8707360861759424,0.9134396355353074
162,Female,Hispanic,05/21/53,2.49,Female,5923,0.8707360861759424,0.9134396355353074
163,Male,Caucasian,09/28/57,2.72,Male,15085,0.9120287253141831,0.9120287253141831
164,Male,Hispanic,05/19/50,2.72,Male,56926,0.9120287253141831,0.9120287253141831
165,Male,Caucasian,07/26/50,2.72,Male,57967,0.9120287253141831,0.9120287253141831
166,Male,Caucasian,09/13/58,2.72,Male,54907,0.9120287253141831,0.9120287253141831
167,Male,African-American,06/27/49,2.72,Male,44212,0.9120287253141831,0.9120287253141831
168,Male,African-American,05/29/54,2.72,Male,36034,0.9120287253141831,0.9120287253141831
169,Male,Caucasian,05/22/58,2.72,Male,43249,0.9120287253141831,0.9120287253141831
170,Female,Caucasian,07/25/57,2.48,Female,14473,0.8689407540394972,0.9111617312072893
171,Male,Caucasian,01/16/48,2.71,Male,42106,0.9102333931777379,0.9102333931777379
172,Male,Caucasian,07/10/62,2.71,Male,38935,0.9102333931777379,0.9102333931777379
173,Male,Caucasian,12/26/56,2.71,Male,8893,0.9102333931777379,0.9102333931777379
174,Female,Caucasian,02/16/52,2.47,Female,20020,0.867145421903052,0.908883826879271
175,Male,Hispanic,03/28/57,2.7,Male,20875,0.9084380610412927,0.9084380610412927
176,Male,African-American,02/05/41,2.7,Male,54349,0.9084380610412927,0.9084380610412927
177,Male,Caucasian,08/26/47,2.7,Male,613,0.9084380610412927,0.9084380610412927
178,Male,Hispanic,01/24/52,2.69,Male,45076,0.9066427289048473,0.9066427289048473
179,Male,Caucasian,10/17/59,2.69,Male,46114,0.9066427289048473,0.9066427289048473
180,Male,African-American,07/27/56,2.69,Male,8923,0.9066427289048473,0.9066427289048473
181,Male,Caucasian,12/18/50,2.69,Male,43621,0.9066427289048473,0.9066427289048473
182,Male,Caucasian,02/27/60,2.69,Male,46807,0.9066427289048473,0.9066427289048473
183,Male,African-American,10/24/54,2.69,Male,19519,0.9066427289048473,0.9066427289048473
184,Male,Caucasian,10/01/54,2.69,Male,1033,0.9066427289048473,0.9066427289048473
185,Male,Other,11/07/48,2.69,Male,16186,0.9066427289048473,0.9066427289048473
186,Male,Caucasian,11/02/59,2.69,Male,28633,0.9066427289048473,0.9066427289048473
187,Female,Caucasian,09/22/65,2.46,Female,24001,0.8653500897666069,0.9066059225512528
188,Female,Caucasian,07/28/53,2.46,Female,22996,0.8653500897666069,0.9066059225512528
189,Female,Hispanic,06/28/61,2.46,Female,46279,0.8653500897666069,0.9066059225512528
190,Female,Hispanic,01/22/54,2.46,Female,13249,0.8653500897666069,0.9066059225512528
191,Male,Caucasian,02/18/49,2.68,Male,2581,0.9048473967684021,0.9048473967684021
192,Male,Caucasian,11/16/46,2.68,Male,3109,0.9048473967684021,0.9048473967684021
193,Male,African-American,02/05/62,2.68,Male,18565,0.9048473967684021,0.9048473967684021
194,Male,Caucasian,01/31/54,2.68,Male,46987,0.9048473967684021,0.9048473967684021
195,Female,Caucasian,08/12/52,2.45,Female,5599,0.8635547576301617,0.9043280182232346
196,Female,Caucasian,06/04/52,2.45,Female,15199,0.8635547576301617,0.9043280182232346
197,Female,Caucasian,05/22/66,2.45,Female,19411,0.8635547576301617,0.9043280182232346
198,Female,Caucasian,11/26/66,2.45,Female,41161,0.8635547576301617,0.9043280182232346
199,Female,Other,02/18/56,2.45,Female,430,0.8635547576301617,0.9043280182232346
200,Female,Caucasian,03/26/62,2.45,Female,58762,0.8635547576301617,0.9043280182232346
201,Male,Caucasian,03/16/60,2.67,Male,27748,0.9030520646319568,0.9030520646319568
202,Male,Caucasian,01/23/60,2.67,Male,12322,0.9030520646319568,0.9030520646319568
203,Male,Caucasian,10/10/57,2.67,Male,12070,0.9030520646319568,0.9030520646319568
204,Male,Caucasian,06/08/46,2.67,Male,8176,0.9030520646319568,0.9030520646319568
205,Male,Other,09/15/59,2.67,Male,4123,0.9030520646319568,0.9030520646319568
206,Male,Caucasian,01/18/54,2.67,Male,24532,0.9030520646319568,0.9030520646319568
207,Male,Caucasian,07/14/60,2.67,Male,30034,0.9030520646319568,0.9030520646319568
208,Female,African-American,11/06/63,2.44,Female,51673,0.8617594254937163,0.9020501138952164
209,Female,African-American,07/28/57,2.44,Female,21460,0.8617594254937163,0.9020501138952164
210,Female,Other,05/16/61,2.44,Female,46198,0.8617594254937163,0.9020501138952164
211,Female,Caucasian,02/10/62,2.44,Female,52468,0.8617594254937163,0.9020501138952164
212,Male,Hispanic,03/20/43,2.66,Male,52594,0.9012567324955115,0.9012567324955115
213,Male,Caucasian,12/21/49,2.66,Male,19984,0.9012567324955115,0.9012567324955115
214,Male,African-American,10/14/44,2.66,Male,59221,0.9012567324955115,0.9012567324955115
215,Male,Hispanic,03/05/46,2.66,Male,54253,0.9012567324955115,0.9012567324955115
216,Female,Caucasian,05/22/68,2.43,Female,52219,0.8599640933572711,0.8997722095671982
217,Female,Other,05/15/56,2.43,Female,22582,0.8599640933572711,0.8997722095671982
218,Female,Other,11/12/66,2.43,Female,13522,0.8599640933572711,0.8997722095671982
219,Male,Caucasian,05/12/36,2.65,Male,19033,0.8994614003590663,0.8994614003590663
220,Male,Hispanic,05/22/63,2.65,Male,37639,0.8994614003590663,0.8994614003590663
221,Male,Caucasian,06/27/54,2.65,Male,15334,0.8994614003590663,0.8994614003590663
222,Male,Caucasian,02/18/50,2.65,Male,50470,0.8994614003590663,0.8994614003590663
223,Male,Caucasian,11/23/57,2.65,Male,28366,0.8994614003590663,0.8994614003590663
224,Male,Caucasian,05/23/59,2.64,Male,25756,0.8976660682226212,0.8976660682226212
225,Male,Hispanic,04/02/51,2.64,Male,42406,0.8976660682226212,0.8976660682226212
226,Male,Hispanic,10/31/59,2.64,Male,47293,0.8976660682226212,0.8976660682226212
227,Male,Caucasian,10/20/60,2.64,Male,9481,0.8976660682226212,0.8976660682226212
228,Male,Caucasian,11/28/58,2.64,Male,3802,0.8976660682226212,0.8976660682226212
229,Male,Caucasian,11/10/59,2.64,Male,30247,0.8976660682226212,0.8976660682226212
230,Female,Caucasian,11/20/62,2.42,Female,1750,0.8581687612208257,0.8974943052391797
231,Female,African-American,08/27/65,2.42,Female,59443,0.8581687612208257,0.8974943052391797
232,Female,Caucasian,10/22/63,2.42,Female,58234,0.8581687612208257,0.8974943052391797
233,Female,Hispanic,03/13/65,2.42,Female,46099,0.8581687612208257,0.8974943052391797
234,Male,Caucasian,10/08/38,2.63,Male,52795,0.895870736086176,0.895870736086176
235,Male,Caucasian,01/11/43,2.63,Male,39382,0.895870736086176,0.895870736086176
236,Male,Caucasian,09/17/57,2.63,Male,24319,0.895870736086176,0.895870736086176
237,Male,Hispanic,11/07/62,2.63,Male,39985,0.895870736086176,0.895870736086176
238,Male,Other,11/25/61,2.63,Male,17041,0.895870736086176,0.895870736086176
239,Male,Other,04/04/47,2.63,Male,24310,0.895870736086176,0.895870736086176
240,Male,Caucasian,10/15/37,2.63,Male,53320,0.895870736086176,0.895870736086176
241,Female,Other,10/24/45,2.41,Female,11203,0.8563734290843805,0.8952164009111615
242,Female,African-American,08/05/59,2.41,Female,26437,0.8563734290843805,0.8952164009111615
243,Female,Caucasian,08/30/56,2.41,Female,6139,0.8563734290843805,0.8952164009111615
244,Female,Caucasian,01/08/61,2.41,Female,23758,0.8563734290843805,0.8952164009111615
245,Female,Caucasian,05/22/66,2.41,Female,33448,0.8563734290843805,0.8952164009111615
246,Male,Caucasian,03/17/53,2.62,Male,30361,0.8940754039497307,0.8940754039497307
247,Male,Caucasian,04/16/50,2.62,Male,60238,0.8940754039497307,0.8940754039497307
248,Male,Hispanic,12/15/61,2.62,Male,22756,0.8940754039497307,0.8940754039497307
249,Male,Other,06/11/56,2.62,Male,23545,0.8940754039497307,0.8940754039497307
250,Male,Caucasian,04/26/60,2.62,Male,17656,0.8940754039497307,0.8940754039497307
251,Male,Caucasian,10/26/55,2.62,Male,12718,0.8940754039497307,0.8940754039497307
252,Male,Hispanic,06/27/59,2.62,Male,25534,0.8940754039497307,0.8940754039497307
253,Female,Caucasian,08/17/55,2.4,Female,34483,0.8545780969479353,0.8929384965831433
254,Female,Caucasian,09/14/55,2.4,Female,25237,0.8545780969479353,0.8929384965831433
255,Female,Native American,11/12/59,2.4,Female,47548,0.8545780969479353,0.8929384965831433
256,Female,Caucasian,10/21/67,2.4,Female,10348,0.8545780969479353,0.8929384965831433
257,Female,Caucasian,05/12/54,2.4,Female,30409,0.8545780969479353,0.8929384965831433
258,Female,Hispanic,12/11/61,2.4,Female,39712,0.8545780969479353,0.8929384965831433
259,Male,Caucasian,10/19/54,2.61,Male,7924,0.8922800718132854,0.8922800718132854
260,Male,Caucasian,01/25/47,2.61,Male,23962,0.8922800718132854,0.8922800718132854
261,Male,Caucasian,12/13/51,2.61,Male,26587,0.8922800718132854,0.8922800718132854
262,Male,Other,06/22/62,2.61,Male,27085,0.8922800718132854,0.8922800718132854
263,Male,Caucasian,10/01/55,2.61,Male,100,0.8922800718132854,0.8922800718132854
264,Male,Caucasian,03/09/49,2.61,Male,33487,0.8922800718132854,0.8922800718132854
265,Male,Caucasian,05/09/38,2.61,Male,38521,0.8922800718132854,0.8922800718132854
266,Male,Hispanic,10/08/44,2.61,Male,57502,0.8922800718132854,0.8922800718132854
267,Female,Caucasian,09/22/65,2.39,Female,27664,0.8527827648114901,0.8906605922551251
268,Male,Caucasian,02/23/58,2.6,Male,1186,0.8904847396768402,0.8904847396768402
269,Male,Caucasian,02/08/49,2.6,Male,8728,0.8904847396768402,0.8904847396768402
270,Male,Hispanic,08/29/47,2.6,Male,37762,0.8904847396768402,0.8904847396768402
271,Male,African-American,09/17/55,2.6,Male,11572,0.8904847396768402,0.8904847396768402
272,Male,Other,07/10/57,2.6,Male,34465,0.8904847396768402,0.8904847396768402
273,Male,Caucasian,02/01/49,2.6,Male,22090,0.8904847396768402,0.8904847396768402
274,Male,Caucasian,04/08/51,2.59,Male,42859,0.8886894075403948,0.8886894075403948
275,Male,African-American,06/07/39,2.59,Male,50668,0.8886894075403948,0.8886894075403948
276,Male,Caucasian,12/27/53,2.59,Male,36535,0.8886894075403948,0.8886894075403948
277,Male,Caucasian,12/16/62,2.59,Male,16267,0.8886894075403948,0.8886894075403948
278,Male,Hispanic,05/22/62,2.59,Male,57769,0.8886894075403948,0.8886894075403948
279,Male,Caucasian,10/05/62,2.59,Male,48778,0.8886894075403948,0.8886894075403948
280,Male,Caucasian,09/19/63,2.59,Male,34546,0.8886894075403948,0.8886894075403948
281,Male,Caucasian,02/05/61,2.59,Male,6121,0.8886894075403948,0.8886894075403948
282,Male,Caucasian,12/24/52,2.59,Male,15031,0.8886894075403948,0.8886894075403948
283,Male,Caucasian,08/04/57,2.59,Male,32959,0.8886894075403948,0.8886894075403948
284,Male,Other,04/08/63,2.59,Male,31243,0.8886894075403948,0.8886894075403948
285,Male,Caucasian,01/13/57,2.59,Male,8113,0.8886894075403948,0.8886894075403948
286,Female,Hispanic,03/07/56,2.38,Female,32404,0.8509874326750448,0.888382687927107
287,Female,Caucasian,01/22/68,2.38,Female,5035,0.8509874326750448,0.888382687927107
288,Female,Caucasian,11/16/56,2.38,Female,51844,0.8509874326750448,0.888382687927107
289,Female,Caucasian,08/15/53,2.38,Female,5530,0.8509874326750448,0.888382687927107
290,Female,Hispanic,11/16/51,2.38,Female,17905,0.8509874326750448,0.888382687927107
291,Female,Other,09/19/56,2.38,Female,40522,0.8509874326750448,0.888382687927107
292,Female,Caucasian,11/04/67,2.38,Female,31258,0.8509874326750448,0.888382687927107
293,Female,Other,10/16/69,2.38,Female,22042,0.8509874326750448,0.888382687927107
294,Female,Caucasian,09/02/60,2.38,Female,54814,0.8509874326750448,0.888382687927107
295,Male,Caucasian,08/09/40,2.58,Male,27256,0.8868940754039496,0.8868940754039496
296,Male,Other,07/28/62,2.58,Male,50482,0.8868940754039496,0.8868940754039496
297,Male,Caucasian,10/19/47,2.58,Male,24811,0.8868940754039496,0.8868940754039496
298,Male,Hispanic,11/15/53,2.58,Male,46612,0.8868940754039496,0.8868940754039496
299,Male,Caucasian,12/10/55,2.58,Male,60337,0.8868940754039496,0.8868940754039496
300,Male,African-American,11/11/57,2.58,Male,24259,0.8868940754039496,0.8868940754039496
301,Male,African-American,09/28/58,2.58,Male,26770,0.8868940754039496,0.8868940754039496
302,Male,Other,03/08/55,2.58,Male,17293,0.8868940754039496,0.8868940754039496
303,Female,Caucasian,01/13/63,2.37,Female,30010,0.8491921005385997,0.886104783599089
304,Female,African-American,09/02/69,2.37,Female,39016,0.8491921005385997,0.886104783599089
305,Female,Hispanic,11/03/68,2.37,Female,16546,0.8491921005385997,0.886104783599089
306,Female,Caucasian,04/15/52,2.37,Female,12208,0.8491921005385997,0.886104783599089
307,Female,Caucasian,03/31/46,2.37,Female,17509,0.8491921005385997,0.886104783599089
308,Female,African-American,03/24/54,2.37,Female,42169,0.8491921005385997,0.886104783599089
309,Female,Caucasian,12/14/57,2.37,Female,42658,0.8491921005385997,0.886104783599089
310,Female,Caucasian,02/04/62,2.37,Female,16633,0.8491921005385997,0.886104783599089
311,Male,Caucasian,11/07/58,2.57,Male,43783,0.8850987432675044,0.8850987432675044
312,Male,Other,12/04/62,2.57,Male,34693,0.8850987432675044,0.8850987432675044
313,Male,Caucasian,01/10/51,2.57,Male,51724,0.8850987432675044,0.8850987432675044
314,Male,Hispanic,12/06/60,2.57,Male,42640,0.8850987432675044,0.8850987432675044
315,Male,African-American,08/25/61,2.57,Male,4903,0.8850987432675044,0.8850987432675044
316,Male,African-American,11/30/44,2.57,Male,52252,0.8850987432675044,0.8850987432675044
317,Male,Other,01/01/60,2.57,Male,30949,0.8850987432675044,0.8850987432675044
318,Male,Other,01/13/59,2.57,Male,53803,0.8850987432675044,0.8850987432675044
319,Male,African-American,11/10/45,2.57,Male,45778,0.8850987432675044,0.8850987432675044
320,Male,Caucasian,06/05/60,2.57,Male,29920,0.8850987432675044,0.8850987432675044
321,Male,African-American,01/21/64,2.57,Male,5653,0.8850987432675044,0.8850987432675044
322,Female,Hispanic,10/21/60,2.36,Female,9235,0.8473967684021543,0.8838268792710705
323,Female,Caucasian,11/10/61,2.36,Female,10681,0.8473967684021543,0.8838268792710705
324,Female,Caucasian,02/19/52,2.36,Female,39616,0.8473967684021543,0.8838268792710705
325,Female,African-American,09/04/66,2.36,Female,26794,0.8473967684021543,0.8838268792710705
326,Female,African-American,02/16/69,2.36,Female,7657,0.8473967684021543,0.8838268792710705
327,Male,Caucasian,09/24/32,2.56,Male,18958,0.8833034111310591,0.8833034111310591
328,Male,African-American,06/06/46,2.56,Male,37291,0.8833034111310591,0.8833034111310591
329,Male,Caucasian,08/14/65,2.56,Male,58852,0.8833034111310591,0.8833034111310591
330,Male,Caucasian,03/18/60,2.56,Male,2023,0.8833034111310591,0.8833034111310591
331,Male,Other,09/24/65,2.56,Male,55675,0.8833034111310591,0.8833034111310591
332,Male,Caucasian,10/24/48,2.56,Male,17554,0.8833034111310591,0.8833034111310591
333,Male,Caucasian,07/27/60,2.56,Male,31729,0.8833034111310591,0.8833034111310591
334,Male,Hispanic,01/16/56,2.56,Male,36013,0.8833034111310591,0.8833034111310591
335,Male,Hispanic,07/31/64,2.56,Male,43717,0.8833034111310591,0.8833034111310591
336,Female,Caucasian,06/21/51,2.35,Female,22303,0.8456014362657092,0.8815489749430523
337,Female,African-American,12/02/63,2.35,Female,47965,0.8456014362657092,0.8815489749430523
338,Female,Caucasian,01/29/62,2.35,Female,33217,0.8456014362657092,0.8815489749430523
339,Female,African-American,06/07/52,2.35,Female,49954,0.8456014362657092,0.8815489749430523
340,Female,Hispanic,10/25/71,2.35,Female,49054,0.8456014362657092,0.8815489749430523
341,Female,Hispanic,08/30/71,2.35,Female,35239,0.8456014362657092,0.8815489749430523
342,Female,African-American,02/14/64,2.35,Female,48394,0.8456014362657092,0.8815489749430523
343,Female,Caucasian,05/11/69,2.35,Female,54010,0.8456014362657092,0.8815489749430523
344,Female,Caucasian,10/03/64,2.35,Female,36781,0.8456014362657092,0.8815489749430523
345,Female,African-American,01/08/72,2.35,Female,55507,0.8456014362657092,0.8815489749430523
346,Female,Caucasian,10/01/71,2.35,Female,36079,0.8456014362657092,0.8815489749430523
347,Male,Caucasian,06/19/58,2.55,Male,26998,0.881508078994614,0.881508078994614
348,Male,Caucasian,12/07/61,2.55,Male,51259,0.881508078994614,0.881508078994614
349,Male,Caucasian,07/05/48,2.55,Male,44020,0.881508078994614,0.881508078994614
350,Male,Caucasian,12/08/52,2.55,Male,4321,0.881508078994614,0.881508078994614
351,Male,Hispanic,02/26/62,2.55,Male,54457,0.881508078994614,0.881508078994614
352,Male,Hispanic,11/10/51,2.55,Male,15535,0.881508078994614,0.881508078994614
353,Male,Hispanic,10/15/60,2.55,Male,39295,0.881508078994614,0.881508078994614
354,Male,Caucasian,09/11/62,2.55,Male,35029,0.881508078994614,0.881508078994614
355,Male,Hispanic,09/28/46,2.55,Male,42049,0.881508078994614,0.881508078994614
356,Male,Caucasian,01/15/53,2.55,Male,27754,0.881508078994614,0.881508078994614
357,Male,Caucasian,09/08/54,2.55,Male,56134,0.881508078994614,0.881508078994614
358,Male,Hispanic,06/25/53,2.55,Male,27376,0.881508078994614,0.881508078994614
359,Male,Caucasian,06/25/60,2.55,Male,9331,0.881508078994614,0.881508078994614
360,Male,Caucasian,08/18/57,2.55,Male,30076,0.881508078994614,0.881508078994614
361,Male,Hispanic,03/28/47,2.55,Male,45361,0.881508078994614,0.881508078994614
362,Male,Other,11/01/61,2.55,Male,43675,0.881508078994614,0.881508078994614
363,Male,Hispanic,12/18/46,2.54,Male,23680,0.8797127468581688,0.8797127468581688
364,Male,African-American,10/05/60,2.54,Male,19348,0.8797127468581688,0.8797127468581688
365,Male,Other,04/24/50,2.54,Male,48487,0.8797127468581688,0.8797127468581688
366,Male,Asian,10/07/48,2.54,Male,20113,0.8797127468581688,0.8797127468581688
367,Male,Caucasian,08/28/36,2.54,Male,18016,0.8797127468581688,0.8797127468581688
368,Male,African-American,11/07/63,2.54,Male,46507,0.8797127468581688,0.8797127468581688
369,Male,Caucasian,03/08/61,2.54,Male,22690,0.8797127468581688,0.8797127468581688
370,Male,Caucasian,11/21/56,2.54,Male,12364,0.8797127468581688,0.8797127468581688
371,Male,African-American,08/08/58,2.54,Male,15103,0.8797127468581688,0.8797127468581688
372,Male,Other,08/03/63,2.54,Male,25672,0.8797127468581688,0.8797127468581688
373,Male,Caucasian,01/22/63,2.54,Male,30622,0.8797127468581688,0.8797127468581688
374,Male,Caucasian,07/20/64,2.54,Male,52102,0.8797127468581688,0.8797127468581688
375,Male,African-American,01/25/56,2.54,Male,56650,0.8797127468581688,0.8797127468581688
376,Male,Caucasian,02/15/58,2.54,Male,56962,0.8797127468581688,0.8797127468581688
377,Male,Hispanic,09/29/40,2.54,Male,18511,0.8797127468581688,0.8797127468581688
378,Female,Caucasian,08/18/59,2.34,Female,25072,0.8438061041292637,0.8792710706150338
379,Female,African-American,03/18/62,2.34,Female,17983,0.8438061041292637,0.8792710706150338
380,Female,Caucasian,01/15/55,2.34,Female,56275,0.8438061041292637,0.8792710706150338
381,Female,Caucasian,12/10/48,2.34,Female,2275,0.8438061041292637,0.8792710706150338
382,Female,Caucasian,12/13/69,2.34,Female,26284,0.8438061041292637,0.8792710706150338
383,Female,Caucasian,04/17/64,2.34,Female,8593,0.8438061041292637,0.8792710706150338
384,Female,Caucasian,01/16/57,2.34,Female,48124,0.8438061041292637,0.8792710706150338
385,Male,Caucasian,08/08/43,2.53,Male,33766,0.8779174147217235,0.8779174147217235
386,Male,Caucasian,06/04/57,2.53,Male,17167,0.8779174147217235,0.8779174147217235
387,Male,Caucasian,10/12/58,2.53,Male,26167,0.8779174147217235,0.8779174147217235
388,Male,Caucasian,09/19/37,2.53,Male,5809,0.8779174147217235,0.8779174147217235
389,Male,Caucasian,06/24/58,2.53,Male,33808,0.8779174147217235,0.8779174147217235
390,Male,Caucasian,04/28/57,2.53,Male,1051,0.8779174147217235,0.8779174147217235
391,Male,Other,09/14/55,2.53,Male,59272,0.8779174147217235,0.8779174147217235
392,Male,Caucasian,08/06/65,2.53,Male,36664,0.8779174147217235,0.8779174147217235
393,Male,Caucasian,04/11/54,2.53,Male,5443,0.8779174147217235,0.8779174147217235
394,Male,Hispanic,04/20/64,2.53,Male,4864,0.8779174147217235,0.8779174147217235
395,Male,Caucasian,04/02/66,2.53,Male,41905,0.8779174147217235,0.8779174147217235
396,Male,Hispanic,11/01/56,2.53,Male,7111,0.8779174147217235,0.8779174147217235
397,Male,Caucasian,04/28/57,2.53,Male,3613,0.8779174147217235,0.8779174147217235
398,Female,Caucasian,03/10/67,2.33,Female,8377,0.8420107719928185,0.8769931662870156
399,Female,Caucasian,01/01/63,2.33,Female,27502,0.8420107719928185,0.8769931662870156
400,Female,African-American,05/29/68,2.33,Female,48151,0.8420107719928185,0.8769931662870156
401,Female,Caucasian,02/25/61,2.33,Female,30862,0.8420107719928185,0.8769931662870156
402,Female,Caucasian,06/02/63,2.33,Female,30280,0.8420107719928185,0.8769931662870156
403,Female,Caucasian,10/18/71,2.33,Female,57493,0.8420107719928185,0.8769931662870156
404,Female,Caucasian,02/25/61,2.33,Female,29404,0.8420107719928185,0.8769931662870156
405,Female,Caucasian,09/08/63,2.33,Female,49036,0.8420107719928185,0.8769931662870156
406,Female,Caucasian,08/29/54,2.32,Female,43285,0.8402154398563734,0.8747152619589977
407,Female,Hispanic,12/30/65,2.32,Female,4402,0.8402154398563734,0.8747152619589977
408,Female,African-American,10/21/59,2.32,Female,11032,0.8402154398563734,0.8747152619589977
409,Female,Hispanic,12/03/64,2.32,Female,39151,0.8402154398563734,0.8747152619589977
410,Female,Caucasian,08/01/43,2.32,Female,20542,0.8402154398563734,0.8747152619589977
411,Female,Caucasian,11/21/67,2.32,Female,58222,0.8402154398563734,0.8747152619589977
412,Female,African-American,08/19/49,2.32,Female,28744,0.8402154398563734,0.8747152619589977
413,Female,Other,10/10/63,2.32,Female,19297,0.8402154398563734,0.8747152619589977
414,Female,Hispanic,07/18/54,2.31,Female,60349,0.8384201077199281,0.8724373576309795
415,Female,Caucasian,07/29/50,2.31,Female,43048,0.8384201077199281,0.8724373576309795
416,Female,Caucasian,11/10/59,2.31,Female,9391,0.8384201077199281,0.8724373576309795
417,Female,Other,02/15/58,2.31,Female,37648,0.8384201077199281,0.8724373576309795
418,Female,Other,12/31/57,2.31,Female,25132,0.8384201077199281,0.8724373576309795
419,Female,Hispanic,04/20/54,2.31,Female,44401,0.8384201077199281,0.8724373576309795
420,Female,Caucasian,07/25/69,2.3,Female,51448,0.8366247755834829,0.8701594533029613
421,Female,Caucasian,05/27/60,2.3,Female,24349,0.8366247755834829,0.8701594533029613
422,Female,Caucasian,06/03/63,2.3,Female,18280,0.8366247755834829,0.8701594533029613
423,Female,African-American,10/06/72,2.3,Female,58210,0.8366247755834829,0.8701594533029613
424,Female,Hispanic,10/16/62,2.3,Female,1561,0.8366247755834829,0.8701594533029613
425,Female,African-American,10/16/65,2.29,Female,46249,0.8348294434470377,0.8678815489749431
426,Female,Hispanic,06/13/71,2.29,Female,55072,0.8348294434470377,0.8678815489749431
427,Female,Caucasian,12/04/50,2.29,Female,31390,0.8348294434470377,0.8678815489749431
428,Female,Caucasian,05/05/61,2.29,Female,24598,0.8348294434470377,0.8678815489749431
429,Female,Caucasian,08/23/43,2.29,Female,18142,0.8348294434470377,0.8678815489749431
430,Female,Caucasian,07/18/52,2.28,Female,35191,0.8330341113105924,0.8656036446469246
431,Female,Caucasian,09/11/62,2.28,Female,35080,0.8330341113105924,0.8656036446469246
432,Female,Hispanic,02/11/47,2.28,Female,11605,0.8330341113105924,0.8656036446469246
433,Female,Caucasian,09/04/46,2.28,Female,3445,0.8330341113105924,0.8656036446469246
434,Female,Caucasian,04/02/63,2.27,Female,22402,0.8312387791741471,0.8633257403189064
435,Female,Hispanic,09/30/67,2.27,Female,52303,0.8312387791741471,0.8633257403189064
436,Female,African-American,04/19/64,2.27,Female,33313,0.8312387791741471,0.8633257403189064
437,Female,African-American,05/15/70,2.27,Female,60076,0.8312387791741471,0.8633257403189064
438,Female,Hispanic,06/16/51,2.27,Female,6175,0.8312387791741471,0.8633257403189064
439,Female,Other,02/21/73,2.27,Female,39703,0.8312387791741471,0.8633257403189064
440,Female,Hispanic,07/26/53,2.27,Female,32173,0.8312387791741471,0.8633257403189064
441,Female,Caucasian,12/18/58,2.27,Female,50062,0.8312387791741471,0.8633257403189064
442,Female,Caucasian,10/19/59,2.27,Female,55765,0.8312387791741471,0.8633257403189064
443,Female,Caucasian,11/16/54,2.27,Female,52078,0.8312387791741471,0.8633257403189064
444,Female,Caucasian,05/03/56,2.27,Female,34678,0.8312387791741471,0.8633257403189064
445,Female,Caucasian,07/13/56,2.27,Female,7648,0.8312387791741471,0.8633257403189064
446,Female,Caucasian,07/19/40,2.27,Female,2500,0.8312387791741471,0.8633257403189064
447,Female,Asian,09/01/66,2.26,Female,47911,0.8294434470377018,0.8610478359908882
448,Female,Caucasian,07/31/60,2.26,Female,40042,0.8294434470377018,0.8610478359908882
449,Female,Caucasian,06/28/58,2.26,Female,8581,0.8294434470377018,0.8610478359908882
450,Female,Caucasian,12/24/58,2.26,Female,57220,0.8294434470377018,0.8610478359908882
451,Female,Other,08/29/68,2.25,Female,44974,0.8276481149012566,0.85876993166287
452,Female,Other,01/15/73,2.25,Female,32275,0.8276481149012566,0.85876993166287
453,Female,Caucasian,07/02/51,2.25,Female,59116,0.8276481149012566,0.85876993166287
454,Female,African-American,01/28/71,2.25,Female,24076,0.8276481149012566,0.85876993166287
455,Female,Hispanic,07/24/68,2.25,Female,20671,0.8276481149012566,0.85876993166287
456,Female,African-American,12/19/73,2.25,Female,58846,0.8276481149012566,0.85876993166287
457,Female,Caucasian,01/14/58,2.25,Female,7609,0.8276481149012566,0.85876993166287
458,Female,African-American,03/09/51,2.25,Female,35614,0.8276481149012566,0.85876993166287
459,Female,Hispanic,10/02/68,2.25,Female,45796,0.8276481149012566,0.85876993166287
460,Female,Caucasian,05/20/58,2.25,Female,38179,0.8276481149012566,0.85876993166287
461,Female,Hispanic,11/20/65,2.25,Female,57916,0.8276481149012566,0.85876993166287
462,Female,Caucasian,04/01/66,2.25,Female,46573,0.8276481149012566,0.85876993166287
463,Female,Hispanic,06/09/70,2.25,Female,4477,0.8276481149012566,0.85876993166287
464,Female,African-American,04/11/53,2.25,Female,27601,0.8276481149012566,0.85876993166287
465,Female,African-American,08/28/71,2.24,Female,54625,0.8258527827648113,0.8564920273348517
466,Female,Caucasian,10/03/65,2.24,Female,40369,0.8258527827648113,0.8564920273348517
467,Female,Caucasian,11/13/45,2.24,Female,26536,0.8258527827648113,0.8564920273348517
468,Female,Caucasian,11/22/57,2.23,Female,53902,0.8240574506283662,0.8542141230068335
469,Female,Other,03/19/63,2.23,Female,27625,0.8240574506283662,0.8542141230068335
470,Female,Caucasian,06/01/56,2.23,Female,22384,0.8240574506283662,0.8542141230068335
471,Female,Caucasian,11/30/50,2.23,Female,32212,0.8240574506283662,0.8542141230068335
472,Female,African-American,03/04/59,2.23,Female,907,0.8240574506283662,0.8542141230068335
473,Female,Caucasian,09/02/61,2.23,Female,11197,0.8240574506283662,0.8542141230068335
474,Female,African-American,10/13/68,2.23,Female,8020,0.8240574506283662,0.8542141230068335
475,Female,Caucasian,10/05/64,2.23,Female,1768,0.8240574506283662,0.8542141230068335
476,Female,Hispanic,04/07/52,2.23,Female,50665,0.8240574506283662,0.8542141230068335
477,Female,Caucasian,08/08/58,2.22,Female,12325,0.822262118491921,0.8519362186788154
478,Female,Caucasian,06/13/72,2.22,Female,18367,0.822262118491921,0.8519362186788154
479,Female,African-American,11/17/65,2.22,Female,21349,0.822262118491921,0.8519362186788154
480,Female,African-American,11/01/66,2.22,Female,44764,0.822262118491921,0.8519362186788154
481,Female,Caucasian,10/14/48,2.22,Female,47659,0.822262118491921,0.8519362186788154
482,Female,Caucasian,02/04/61,2.22,Female,46393,0.822262118491921,0.8519362186788154
483,Female,Caucasian,06/15/59,2.22,Female,23779,0.822262118491921,0.8519362186788154
484,Female,Caucasian,07/14/54,2.21,Female,43600,0.8204667863554758,0.8496583143507972
485,Female,Hispanic,03/31/38,2.21,Female,53767,0.8204667863554758,0.8496583143507972
486,Female,Other,11/04/70,2.21,Female,19963,0.8204667863554758,0.8496583143507972
487,Female,Caucasian,05/27/71,2.21,Female,38623,0.8204667863554758,0.8496583143507972
488,Female,Hispanic,09/13/56,2.21,Female,24274,0.8204667863554758,0.8496583143507972
489,Female,Hispanic,04/04/68,2.21,Female,20821,0.8204667863554758,0.8496583143507972
490,Female,Hispanic,07/14/59,2.21,Female,38911,0.8204667863554758,0.8496583143507972
491,Female,Caucasian,09/10/73,2.21,Female,38350,0.8204667863554758,0.8496583143507972
492,Female,African-American,10/01/74,2.2,Female,28771,0.8186714542190305,0.847380410022779
493,Female,Caucasian,02/04/61,2.2,Female,19216,0.8186714542190305,0.847380410022779
494,Female,Caucasian,05/27/56,2.2,Female,14065,0.8186714542190305,0.847380410022779
495,Female,Caucasian,09/13/66,2.2,Female,25564,0.8186714542190305,0.847380410022779
496,Female,Hispanic,02/21/59,2.2,Female,16081,0.8186714542190305,0.847380410022779
497,Female,Other,11/20/67,2.2,Female,5971,0.8186714542190305,0.847380410022779
498,Female,Caucasian,07/28/71,2.2,Female,57877,0.8186714542190305,0.847380410022779
499,Female,Caucasian,10/10/67,2.2,Female,24805,0.8186714542190305,0.847380410022779
